patient_id,fold,model,correct,true_non_urgent,Prob_non_urgent
case_001,1,yolo_tl,1,0,0.3942592740058899
case_009,1,yolo_tl,1,0,0.46167653799057
case_015,1,yolo_tl,1,0,0.3237541317939758
case_018,1,yolo_tl,1,0,0.4753912687301636
case_027,1,yolo_tl,1,0,0.4302520751953125
case_029,1,yolo_tl,1,0,0.4266052842140198
case_050,1,yolo_tl,1,0,0.4573033452033996
case_051,1,yolo_tl,1,0,0.4142174124717712
case_054,1,yolo_tl,0,0,0.5392069220542908
case_055,1,yolo_tl,1,0,0.3956303000450134
case_060,1,yolo_tl,1,0,0.3052829504013061
case_069,1,yolo_tl,1,0,0.4805319905281067
case_070,1,yolo_tl,1,0,0.4089847207069397
case_071,1,yolo_tl,1,0,0.3937928676605224
case_072,1,yolo_tl,1,0,0.4578790068626404
case_073,1,yolo_tl,1,0,0.4970359802246094
case_081,1,yolo_tl,1,0,0.4101654887199402
case_085,1,yolo_tl,1,0,0.4148099422454834
case_089,1,yolo_tl,1,0,0.4886131882667541
case_097,1,yolo_tl,1,0,0.4804482460021972
case_100,1,yolo_tl,1,0,0.4579699039459228
case_103,1,yolo_tl,1,0,0.4789362549781799
case_104,1,yolo_tl,1,0,0.4687222242355346
case_107,1,yolo_tl,1,0,0.3990209698677063
case_108,1,yolo_tl,1,0,0.483053982257843
case_112,1,yolo_tl,1,0,0.4863534569740295
case_113,1,yolo_tl,0,1,0.4318237900733948
case_114,1,yolo_tl,1,0,0.3881831169128418
case_121,1,yolo_tl,1,0,0.3913477659225464
case_126,1,yolo_tl,1,0,0.4276506900787353
case_134,1,yolo_tl,0,1,0.4645561575889587
case_135,1,yolo_tl,1,0,0.3951925635337829
case_137,1,yolo_tl,1,0,0.3650321960449219
case_141,1,yolo_tl,1,0,0.4093093872070312
case_148,1,yolo_tl,1,0,0.3478139638900757
case_157,1,yolo_tl,1,0,0.403478741645813
case_158,1,yolo_tl,1,0,0.4362617135047912
case_165,1,yolo_tl,1,0,0.4817681312561035
case_166,1,yolo_tl,1,0,0.3542375564575195
case_170,1,yolo_tl,1,0,0.3976752758026123
case_187,1,yolo_tl,1,0,0.4761610031127929
case_192,1,yolo_tl,1,0,0.3312278985977173
case_195,1,yolo_tl,1,0,0.4940875172615051
case_207,1,yolo_tl,1,0,0.49969482421875
case_208,1,yolo_tl,0,1,0.4694860577583313
case_212,1,yolo_tl,1,0,0.4050074219703674
case_214,1,yolo_tl,0,1,0.3783442378044128
case_224,1,yolo_tl,0,1,0.477908194065094
case_225,1,yolo_tl,0,1,0.3959805369377136
case_226,1,yolo_tl,0,1,0.4614414572715759
case_238,1,yolo_tl,0,1,0.4828482270240783
case_242,1,yolo_tl,1,1,0.5235421359539032
case_243,1,yolo_tl,0,1,0.4454842805862427
case_245,1,yolo_tl,1,1,0.5195175111293793
case_256,1,yolo_tl,0,1,0.4957276582717895
case_264,1,yolo_tl,0,1,0.4670507311820984
case_276,1,yolo_tl,0,1,0.4783479571342468
case_279,1,yolo_tl,0,1,0.4738017916679382
case_004,2,yolo_tl,0,0,0.557333379983902
case_005,2,yolo_tl,1,0,0.401075541973114
case_007,2,yolo_tl,1,0,0.4404993653297424
case_014,2,yolo_tl,1,0,0.4198858141899109
case_021,2,yolo_tl,1,0,0.3422348499298095
case_022,2,yolo_tl,1,0,0.4880698919296264
case_034,2,yolo_tl,1,0,0.3558868169784546
case_035,2,yolo_tl,1,0,0.3946966528892517
case_046,2,yolo_tl,1,0,0.3528286218643188
case_047,2,yolo_tl,1,0,0.4007053971290588
case_058,2,yolo_tl,1,0,0.4486074447631836
case_059,2,yolo_tl,0,0,0.50299072265625
case_062,2,yolo_tl,0,0,0.5272860825061798
case_066,2,yolo_tl,1,0,0.3522574305534363
case_077,2,yolo_tl,1,0,0.3926278948783874
case_080,2,yolo_tl,1,0,0.4071566462516784
case_083,2,yolo_tl,1,0,0.395163357257843
case_090,2,yolo_tl,1,0,0.2531679272651672
case_091,2,yolo_tl,1,0,0.4577426314353943
case_099,2,yolo_tl,1,0,0.4823833703994751
case_120,2,yolo_tl,0,1,0.4763969182968139
case_122,2,yolo_tl,1,0,0.4911813139915466
case_129,2,yolo_tl,1,0,0.4093388319015503
case_131,2,yolo_tl,1,0,0.385692834854126
case_132,2,yolo_tl,1,0,0.3192805647850036
case_140,2,yolo_tl,1,0,0.4538366794586181
case_143,2,yolo_tl,0,0,0.5108015239238739
case_146,2,yolo_tl,1,0,0.3051276206970215
case_150,2,yolo_tl,1,0,0.4069209098815918
case_155,2,yolo_tl,1,0,0.3665897250175476
case_156,2,yolo_tl,1,0,0.3612210154533386
case_161,2,yolo_tl,1,0,0.4329922199249267
case_167,2,yolo_tl,0,0,0.542136162519455
case_172,2,yolo_tl,1,0,0.4091323018074035
case_177,2,yolo_tl,0,0,0.5414543151855469
case_178,2,yolo_tl,1,0,0.4432991147041321
case_180,2,yolo_tl,1,0,0.4212039709091186
case_184,2,yolo_tl,1,0,0.3507548570632934
case_185,2,yolo_tl,1,0,0.3994016051292419
case_188,2,yolo_tl,0,0,0.5494149029254913
case_196,2,yolo_tl,1,0,0.4400781989097595
case_204,2,yolo_tl,1,0,0.4204806089401245
case_210,2,yolo_tl,1,0,0.4828710556030273
case_220,2,yolo_tl,1,1,0.500946044921875
case_222,2,yolo_tl,1,1,0.6374752223491669
case_240,2,yolo_tl,1,1,0.5941097736358643
case_250,2,yolo_tl,0,1,0.4500722885131836
case_251,2,yolo_tl,0,1,0.3892127871513366
case_252,2,yolo_tl,0,1,0.4217155575752258
case_253,2,yolo_tl,0,1,0.4345213174819946
case_254,2,yolo_tl,0,1,0.4733529090881347
case_258,2,yolo_tl,0,1,0.4059601426124573
case_270,2,yolo_tl,0,1,0.456636905670166
case_271,2,yolo_tl,0,1,0.440243661403656
case_275,2,yolo_tl,0,1,0.3536514043807983
case_278,2,yolo_tl,0,1,0.4693834185600281
case_280,2,yolo_tl,0,1,0.3667952418327331
case_282,2,yolo_tl,0,1,0.2896730303764343
case_010,3,yolo_tl,1,0,0.1646507382392883
case_020,3,yolo_tl,1,0,0.0236443281173706
case_028,3,yolo_tl,0,0,0.5383006632328033
case_032,3,yolo_tl,1,0,0.0007110834121704
case_033,3,yolo_tl,0,0,0.6085794866085052
case_038,3,yolo_tl,1,0,0.003750741481781
case_040,3,yolo_tl,1,0,0.3613544106483459
case_041,3,yolo_tl,1,0,0.3740758299827575
case_045,3,yolo_tl,1,0,0.3330556750297546
case_048,3,yolo_tl,1,0,0.0910582542419433
case_049,3,yolo_tl,1,0,0.1027990579605102
case_053,3,yolo_tl,1,0,0.2141978740692138
case_057,3,yolo_tl,0,0,0.6470876932144165
case_063,3,yolo_tl,1,0,0.0344560742378234
case_067,3,yolo_tl,0,0,0.9944342756643892
case_078,3,yolo_tl,1,0,0.0326514244079589
case_084,3,yolo_tl,0,0,0.9917563889175652
case_087,3,yolo_tl,1,0,0.0825492739677429
case_093,3,yolo_tl,1,0,0.0095040798187255
case_094,3,yolo_tl,0,0,0.7157593667507172
case_095,3,yolo_tl,1,0,0.1760333180427551
case_098,3,yolo_tl,1,0,0.0249401926994323
case_102,3,yolo_tl,1,0,0.2802469134330749
case_115,3,yolo_tl,1,0,0.0770302414894104
case_119,3,yolo_tl,1,0,0.3417351841926574
case_123,3,yolo_tl,1,0,0.0432040691375732
case_136,3,yolo_tl,1,0,0.0829198956489563
case_144,3,yolo_tl,1,0,0.0072749853134155
case_149,3,yolo_tl,1,0,0.4849288463592529
case_159,3,yolo_tl,1,0,0.0066928267478942
case_160,3,yolo_tl,1,0,0.3373945355415344
case_164,3,yolo_tl,1,0,0.0083480477333068
case_179,3,yolo_tl,0,0,0.6697043478488922
case_186,3,yolo_tl,0,0,0.8460378646850586
case_200,3,yolo_tl,1,0,0.0196437835693359
case_201,3,yolo_tl,1,0,0.49725341796875
case_202,3,yolo_tl,1,0,0.159479022026062
case_203,3,yolo_tl,1,0,0.0785716772079467
case_205,3,yolo_tl,1,0,0.0013967156410217
case_211,3,yolo_tl,0,0,0.9194257631897926
case_217,3,yolo_tl,1,1,0.9858276350423694
case_221,3,yolo_tl,1,0,0.4785288572311401
case_229,3,yolo_tl,1,1,0.99693359923549
case_230,3,yolo_tl,0,1,0.2851728796958923
case_234,3,yolo_tl,0,1,0.027848482131958
case_237,3,yolo_tl,1,1,0.8815384283661842
case_239,3,yolo_tl,1,1,0.9853983875364064
case_244,3,yolo_tl,1,1,0.9634890593588352
case_249,3,yolo_tl,1,1,0.962461993098259
case_259,3,yolo_tl,1,1,0.7613167315721512
case_260,3,yolo_tl,0,1,0.2362518310546875
case_261,3,yolo_tl,0,1,0.4819414615631103
case_262,3,yolo_tl,1,1,0.6833270490169525
case_266,3,yolo_tl,1,0,0.3192540407180786
case_272,3,yolo_tl,1,1,0.9439706169068812
case_281,3,yolo_tl,0,1,0.4281138181686401
case_286,3,yolo_tl,1,1,0.7929456532001495
case_003,4,yolo_tl,1,0,0.112259030342102
case_011,4,yolo_tl,0,0,0.6972482800483704
case_013,4,yolo_tl,0,0,0.653541624546051
case_017,4,yolo_tl,1,0,0.1019912362098693
case_023,4,yolo_tl,1,0,0.1000842452049255
case_025,4,yolo_tl,0,0,0.5499125421047211
case_026,4,yolo_tl,1,0,0.144450306892395
case_031,4,yolo_tl,1,0,0.243282675743103
case_036,4,yolo_tl,0,0,0.6150372624397278
case_042,4,yolo_tl,1,0,0.1512157320976257
case_044,4,yolo_tl,0,0,0.6434833407402039
case_064,4,yolo_tl,1,0,0.2374653816223144
case_074,4,yolo_tl,1,0,0.1457829475402832
case_076,4,yolo_tl,1,0,0.1371853351593017
case_086,4,yolo_tl,0,0,0.5537768006324768
case_088,4,yolo_tl,1,0,0.1444201469421386
case_092,4,yolo_tl,1,0,0.1494693160057068
case_096,4,yolo_tl,0,0,0.6692586541175842
case_101,4,yolo_tl,1,0,0.0640068650245666
case_106,4,yolo_tl,0,0,0.544468343257904
case_111,4,yolo_tl,1,0,0.0805742144584655
case_116,4,yolo_tl,1,0,0.169165551662445
case_118,4,yolo_tl,1,0,0.3561387062072754
case_124,4,yolo_tl,1,0,0.2295352220535278
case_128,4,yolo_tl,1,0,0.1852092742919922
case_130,4,yolo_tl,1,0,0.2190032601356506
case_133,4,yolo_tl,1,0,0.2113354206085205
case_138,4,yolo_tl,0,0,0.7817474752664566
case_139,4,yolo_tl,1,0,0.0614803433418273
case_145,4,yolo_tl,1,0,0.1961324214935302
case_147,4,yolo_tl,1,0,0.2708416581153869
case_151,4,yolo_tl,1,0,0.3602006435394287
case_153,4,yolo_tl,1,0,0.1860950589179992
case_169,4,yolo_tl,1,0,0.0911390781402587
case_171,4,yolo_tl,1,0,0.3121897578239441
case_174,4,yolo_tl,0,0,0.7232361733913422
case_189,4,yolo_tl,1,0,0.2022067904472351
case_191,4,yolo_tl,1,0,0.2421832084655761
case_193,4,yolo_tl,1,0,0.3200222849845886
case_197,4,yolo_tl,1,0,0.3028547763824463
case_198,4,yolo_tl,1,0,0.1785974502563476
case_199,4,yolo_tl,1,0,0.2075357437133789
case_215,4,yolo_tl,1,1,0.9694690573960544
case_216,4,yolo_tl,1,1,0.5773166716098785
case_218,4,yolo_tl,0,1,0.458848774433136
case_219,4,yolo_tl,0,1,0.2163838744163513
case_223,4,yolo_tl,1,1,0.7633515000343323
case_232,4,yolo_tl,1,1,0.8142744153738022
case_235,4,yolo_tl,0,1,0.4550775289535522
case_236,4,yolo_tl,0,1,0.4581668376922607
case_248,4,yolo_tl,1,1,0.613353043794632
case_257,4,yolo_tl,1,1,0.773259162902832
case_263,4,yolo_tl,1,1,0.7960944026708603
case_274,4,yolo_tl,0,1,0.4180434346199035
case_277,4,yolo_tl,1,1,0.7621807605028152
case_283,4,yolo_tl,1,1,0.7152251303195953
case_284,4,yolo_tl,1,1,0.7298327684402466
case_002,5,yolo_tl,1,0,0.3800576329231262
case_006,5,yolo_tl,1,0,0.4726530313491821
case_008,5,yolo_tl,0,0,0.6715782582759857
case_012,5,yolo_tl,1,0,0.1754674315452575
case_016,5,yolo_tl,1,0,0.4263290166854858
case_019,5,yolo_tl,0,0,0.5031737983226776
case_024,5,yolo_tl,1,0,0.1143190860748291
case_030,5,yolo_tl,0,0,0.5357209146022797
case_037,5,yolo_tl,1,0,0.3521739244461059
case_039,5,yolo_tl,1,0,0.2528219223022461
case_043,5,yolo_tl,1,0,0.3200504183769226
case_052,5,yolo_tl,1,0,0.2232499718666076
case_056,5,yolo_tl,1,0,0.2169640064239502
case_061,5,yolo_tl,0,0,0.5920623242855072
case_065,5,yolo_tl,0,0,0.5613162517547607
case_068,5,yolo_tl,1,0,0.321593165397644
case_075,5,yolo_tl,0,0,0.611874908208847
case_079,5,yolo_tl,1,0,0.2220035791397094
case_082,5,yolo_tl,1,0,0.2004402875900268
case_105,5,yolo_tl,1,0,0.467529296875
case_109,5,yolo_tl,1,0,0.2345820069313049
case_110,5,yolo_tl,0,0,0.6407763659954071
case_117,5,yolo_tl,1,0,0.4084463715553283
case_125,5,yolo_tl,0,0,0.6421239674091339
case_127,5,yolo_tl,1,0,0.2979294061660766
case_142,5,yolo_tl,1,0,0.3659663796424866
case_152,5,yolo_tl,1,0,0.3184719085693359
case_154,5,yolo_tl,1,0,0.3738901019096374
case_162,5,yolo_tl,1,0,0.1611221432685852
case_163,5,yolo_tl,1,0,0.329728901386261
case_168,5,yolo_tl,1,0,0.3116756081581116
case_173,5,yolo_tl,1,0,0.3662355542182922
case_175,5,yolo_tl,0,0,0.5130280554294586
case_176,5,yolo_tl,1,0,0.2431928515434265
case_181,5,yolo_tl,0,0,0.5589496195316315
case_182,5,yolo_tl,1,0,0.339406669139862
case_183,5,yolo_tl,1,0,0.4199452996253967
case_190,5,yolo_tl,0,0,0.6312534213066101
case_194,5,yolo_tl,0,0,0.6679604053497314
case_206,5,yolo_tl,1,0,0.4484716057777405
case_209,5,yolo_tl,1,0,0.3453536033630371
case_213,5,yolo_tl,1,1,0.549194872379303
case_227,5,yolo_tl,0,0,0.5387405455112457
case_228,5,yolo_tl,1,1,0.5832969844341278
case_231,5,yolo_tl,0,1,0.4247698783874511
case_233,5,yolo_tl,1,1,0.7676027566194534
case_241,5,yolo_tl,1,1,0.6542875170707703
case_246,5,yolo_tl,1,1,0.5693420171737671
case_247,5,yolo_tl,1,1,0.5358575284481049
case_255,5,yolo_tl,0,1,0.3821702599525451
case_265,5,yolo_tl,1,1,0.6356466114521027
case_267,5,yolo_tl,0,1,0.4615931510925293
case_268,5,yolo_tl,1,1,0.65792316198349
case_269,5,yolo_tl,1,1,0.5623295307159424
case_273,5,yolo_tl,1,1,0.6526289582252502
case_285,5,yolo_tl,1,1,0.6001297831535339
case_287,5,yolo_tl,1,1,0.557649552822113
case_001,1,resnet50v2,1,0,0.1341508626937866
case_009,1,resnet50v2,1,0,0.2587472200393677
case_015,1,resnet50v2,1,0,0.1399832367897033
case_018,1,resnet50v2,1,0,0.1932234764099121
case_027,1,resnet50v2,1,0,0.2212244868278503
case_029,1,resnet50v2,1,0,0.1895211338996887
case_050,1,resnet50v2,1,0,0.2982614040374756
case_051,1,resnet50v2,1,0,0.04252290725708
case_054,1,resnet50v2,0,0,0.8392075598239899
case_055,1,resnet50v2,1,0,0.0552597045898437
case_060,1,resnet50v2,1,0,0.063831627368927
case_069,1,resnet50v2,1,0,0.1083775162696838
case_070,1,resnet50v2,0,0,0.5091542601585388
case_071,1,resnet50v2,1,0,0.0707519650459289
case_072,1,resnet50v2,1,0,0.1952869296073913
case_073,1,resnet50v2,1,0,0.2979803681373596
case_081,1,resnet50v2,1,0,0.165188729763031
case_085,1,resnet50v2,1,0,0.3129470944404602
case_089,1,resnet50v2,1,0,0.4749812483787536
case_097,1,resnet50v2,1,0,0.3585495352745056
case_100,1,resnet50v2,1,0,0.2393493056297302
case_103,1,resnet50v2,1,0,0.2397941350936889
case_104,1,resnet50v2,0,0,0.5085898339748383
case_107,1,resnet50v2,1,0,0.0434468984603881
case_108,1,resnet50v2,1,0,0.3663913607597351
case_112,1,resnet50v2,0,0,0.6191259026527405
case_113,1,resnet50v2,0,1,0.2422056198120117
case_114,1,resnet50v2,1,0,0.0820330381393432
case_121,1,resnet50v2,1,0,0.0578115582466125
case_126,1,resnet50v2,0,0,0.7463239133358002
case_134,1,resnet50v2,0,1,0.49822998046875
case_135,1,resnet50v2,1,0,0.1653907895088195
case_137,1,resnet50v2,1,0,0.0858624577522277
case_141,1,resnet50v2,1,0,0.093140423297882
case_148,1,resnet50v2,1,0,0.1561691761016845
case_157,1,resnet50v2,1,0,0.1494072079658508
case_158,1,resnet50v2,1,0,0.0721775293350219
case_165,1,resnet50v2,1,0,0.4122491478919983
case_166,1,resnet50v2,1,0,0.0715911984443664
case_170,1,resnet50v2,1,0,0.0570188760757446
case_187,1,resnet50v2,1,0,0.4267993569374084
case_192,1,resnet50v2,1,0,0.1071568131446838
case_195,1,resnet50v2,0,0,0.5469196438789368
case_207,1,resnet50v2,0,0,0.9087394550442696
case_208,1,resnet50v2,1,1,0.7597159743309021
case_212,1,resnet50v2,1,0,0.0953494906425476
case_214,1,resnet50v2,0,1,0.0668123364448547
case_224,1,resnet50v2,0,1,0.2161356210708618
case_225,1,resnet50v2,1,1,0.5946689546108246
case_226,1,resnet50v2,1,1,0.5077813565731049
case_238,1,resnet50v2,0,1,0.4686082005500793
case_242,1,resnet50v2,1,1,0.8913863226771355
case_243,1,resnet50v2,0,1,0.1503403782844543
case_245,1,resnet50v2,1,1,0.8906751722097397
case_256,1,resnet50v2,0,1,0.3517841696739197
case_264,1,resnet50v2,0,1,0.2935563325881958
case_276,1,resnet50v2,0,1,0.4475206136703491
case_279,1,resnet50v2,1,1,0.6163009703159332
case_004,2,resnet50v2,1,0,0.495834469795227
case_005,2,resnet50v2,0,0,0.5248817801475525
case_007,2,resnet50v2,0,0,0.5464999079704285
case_014,2,resnet50v2,0,0,0.5995877087116241
case_021,2,resnet50v2,1,0,0.4832216501235962
case_022,2,resnet50v2,0,0,0.5084220170974731
case_034,2,resnet50v2,0,0,0.5664982497692108
case_035,2,resnet50v2,0,0,0.5229483246803284
case_046,2,resnet50v2,1,0,0.4578032493591308
case_047,2,resnet50v2,1,0,0.3996065855026245
case_058,2,resnet50v2,1,0,0.4267993569374084
case_059,2,resnet50v2,0,0,0.5541538000106812
case_062,2,resnet50v2,0,0,0.501983642578125
case_066,2,resnet50v2,1,0,0.4641121029853821
case_077,2,resnet50v2,0,0,0.5236639678478241
case_080,2,resnet50v2,0,0,0.5577248632907867
case_083,2,resnet50v2,0,0,0.616730272769928
case_090,2,resnet50v2,1,0,0.3701115846633911
case_091,2,resnet50v2,0,0,0.594091385602951
case_099,2,resnet50v2,1,0,0.4606983065605163
case_120,2,resnet50v2,1,1,0.7757322490215302
case_122,2,resnet50v2,0,0,0.6705543696880341
case_129,2,resnet50v2,1,0,0.4482753276824951
case_131,2,resnet50v2,0,0,0.5746484100818634
case_132,2,resnet50v2,0,0,0.6041945815086365
case_140,2,resnet50v2,0,0,0.6074885129928589
case_143,2,resnet50v2,1,0,0.4737789630889892
case_146,2,resnet50v2,0,0,0.5248817801475525
case_150,2,resnet50v2,0,0,0.5106185078620911
case_155,2,resnet50v2,1,0,0.389140248298645
case_156,2,resnet50v2,0,0,0.5249426364898682
case_161,2,resnet50v2,1,0,0.3899820446968078
case_167,2,resnet50v2,0,0,0.5404388308525085
case_172,2,resnet50v2,0,0,0.5025024116039276
case_177,2,resnet50v2,1,0,0.4520747661590576
case_178,2,resnet50v2,0,0,0.588416188955307
case_180,2,resnet50v2,0,0,0.630400538444519
case_184,2,resnet50v2,0,0,0.7114308774471283
case_185,2,resnet50v2,1,0,0.4789134263992309
case_188,2,resnet50v2,1,0,0.4059785008430481
case_196,2,resnet50v2,0,0,0.5963155925273895
case_204,2,resnet50v2,0,0,0.6254256069660187
case_210,2,resnet50v2,0,0,0.5424997508525848
case_220,2,resnet50v2,1,1,0.6519644856452942
case_222,2,resnet50v2,1,1,0.5368896424770355
case_240,2,resnet50v2,1,1,0.7550956308841705
case_250,2,resnet50v2,1,1,0.6141770780086517
case_251,2,resnet50v2,1,1,0.5516114830970764
case_252,2,resnet50v2,0,1,0.4066263437271118
case_253,2,resnet50v2,1,1,0.6249339580535889
case_254,2,resnet50v2,0,1,0.4717631936073303
case_258,2,resnet50v2,1,1,0.5324251055717468
case_270,2,resnet50v2,1,1,0.5188509225845337
case_271,2,resnet50v2,0,1,0.4907237291336059
case_275,2,resnet50v2,1,1,0.5523586273193359
case_278,2,resnet50v2,0,1,0.4753997921943664
case_280,2,resnet50v2,0,1,0.3828334212303161
case_282,2,resnet50v2,1,1,0.5664382576942444
case_010,3,resnet50v2,1,0,0.4953614473342895
case_020,3,resnet50v2,1,0,0.4088740348815918
case_028,3,resnet50v2,1,0,0.4929814338684082
case_032,3,resnet50v2,1,0,0.4030674695968628
case_033,3,resnet50v2,1,0,0.4667848348617553
case_038,3,resnet50v2,1,0,0.4451978206634521
case_040,3,resnet50v2,1,0,0.4694746732711792
case_041,3,resnet50v2,1,0,0.4442633390426636
case_045,3,resnet50v2,1,0,0.4874904155731201
case_048,3,resnet50v2,1,0,0.4652508497238159
case_049,3,resnet50v2,1,0,0.4583486914634704
case_053,3,resnet50v2,1,0,0.4202203750610351
case_057,3,resnet50v2,1,0,0.4287172555923462
case_063,3,resnet50v2,1,0,0.4121788740158081
case_067,3,resnet50v2,0,0,0.6114327013492584
case_078,3,resnet50v2,1,0,0.4611988067626953
case_084,3,resnet50v2,1,0,0.4427155256271362
case_087,3,resnet50v2,0,0,0.5138514339923859
case_093,3,resnet50v2,1,0,0.462518572807312
case_094,3,resnet50v2,1,0,0.4303867220878601
case_095,3,resnet50v2,1,0,0.4681523442268371
case_098,3,resnet50v2,1,0,0.4812405109405517
case_102,3,resnet50v2,1,0,0.4906169772148132
case_115,3,resnet50v2,1,0,0.4697102904319763
case_119,3,resnet50v2,1,0,0.458341121673584
case_123,3,resnet50v2,1,0,0.4817128777503967
case_136,3,resnet50v2,0,0,0.5140953958034515
case_144,3,resnet50v2,1,0,0.4486508369445801
case_149,3,resnet50v2,1,0,0.4680003523826599
case_159,3,resnet50v2,1,0,0.4943545460700989
case_160,3,resnet50v2,1,0,0.4611988067626953
case_164,3,resnet50v2,1,0,0.4693074226379394
case_179,3,resnet50v2,1,0,0.4916084408760071
case_186,3,resnet50v2,1,0,0.462002694606781
case_200,3,resnet50v2,1,0,0.4134364724159241
case_201,3,resnet50v2,1,0,0.4333668947219848
case_202,3,resnet50v2,1,0,0.4350312352180481
case_203,3,resnet50v2,1,0,0.4690794348716736
case_205,3,resnet50v2,1,0,0.4249488711357116
case_211,3,resnet50v2,0,0,0.5030516982078552
case_217,3,resnet50v2,0,1,0.4683650732040405
case_221,3,resnet50v2,1,0,0.4825053215026855
case_229,3,resnet50v2,1,1,0.5380655527114868
case_230,3,resnet50v2,0,1,0.4354063272476196
case_234,3,resnet50v2,0,1,0.4230482578277588
case_237,3,resnet50v2,1,1,0.5080559551715851
case_239,3,resnet50v2,0,1,0.4646890163421631
case_244,3,resnet50v2,1,1,0.5435599386692047
case_249,3,resnet50v2,1,1,0.5094898343086243
case_259,3,resnet50v2,0,1,0.482200562953949
case_260,3,resnet50v2,0,1,0.4342438578605652
case_261,3,resnet50v2,0,1,0.4966431260108948
case_262,3,resnet50v2,0,1,0.4599553346633911
case_266,3,resnet50v2,1,0,0.4532013535499573
case_272,3,resnet50v2,0,1,0.4698547124862671
case_281,3,resnet50v2,0,1,0.4767623543739319
case_286,3,resnet50v2,0,1,0.4794427156448364
case_003,4,resnet50v2,1,0,0.4705541133880615
case_011,4,resnet50v2,0,0,0.5090627372264862
case_013,4,resnet50v2,0,0,0.5970316529273987
case_017,4,resnet50v2,0,0,0.5148881673812866
case_023,4,resnet50v2,0,0,0.5347340106964111
case_025,4,resnet50v2,0,0,0.5563694536685944
case_026,4,resnet50v2,1,0,0.3980553746223449
case_031,4,resnet50v2,0,0,0.5474338233470917
case_036,4,resnet50v2,1,0,0.4735354781150818
case_042,4,resnet50v2,0,0,0.5676969885826111
case_044,4,resnet50v2,0,0,0.5424088537693024
case_064,4,resnet50v2,1,0,0.4627916812896728
case_074,4,resnet50v2,0,0,0.5247904658317566
case_076,4,resnet50v2,0,0,0.6444489061832428
case_086,4,resnet50v2,0,0,0.5453916490077972
case_088,4,resnet50v2,0,0,0.55694180727005
case_092,4,resnet50v2,1,0,0.4705541133880615
case_096,4,resnet50v2,0,0,0.5497539341449738
case_101,4,resnet50v2,1,0,0.3976003527641296
case_106,4,resnet50v2,1,0,0.4711624383926391
case_111,4,resnet50v2,1,0,0.4662835597991943
case_116,4,resnet50v2,0,0,0.5329113304615021
case_118,4,resnet50v2,0,0,0.508910208940506
case_124,4,resnet50v2,1,0,0.4777368903160095
case_128,4,resnet50v2,0,0,0.6097565591335297
case_130,4,resnet50v2,0,0,0.5527584850788116
case_133,4,resnet50v2,0,0,0.5149796307086945
case_138,4,resnet50v2,0,0,0.5380731225013733
case_139,4,resnet50v2,1,0,0.499542236328125
case_145,4,resnet50v2,0,0,0.5682660639286041
case_147,4,resnet50v2,0,0,0.5640084445476532
case_151,4,resnet50v2,1,0,0.4955445528030395
case_153,4,resnet50v2,0,0,0.566917896270752
case_169,4,resnet50v2,0,0,0.5040282309055328
case_171,4,resnet50v2,0,0,0.5104731619358063
case_174,4,resnet50v2,0,0,0.5423179268836975
case_189,4,resnet50v2,0,0,0.6547843515872955
case_191,4,resnet50v2,0,0,0.5851900577545166
case_193,4,resnet50v2,0,0,0.5009765326976776
case_197,4,resnet50v2,1,0,0.1177749037742614
case_198,4,resnet50v2,0,0,0.5592599511146545
case_199,4,resnet50v2,0,0,0.5618309378623962
case_215,4,resnet50v2,1,1,0.5531130731105804
case_216,4,resnet50v2,1,1,0.6167266666889191
case_218,4,resnet50v2,1,1,0.5024718940258026
case_219,4,resnet50v2,0,1,0.4720597863197326
case_223,4,resnet50v2,1,1,0.6098727285861969
case_232,4,resnet50v2,1,1,0.5269361436367035
case_235,4,resnet50v2,1,1,0.5212274491786957
case_236,4,resnet50v2,1,1,0.5214864015579224
case_248,4,resnet50v2,1,1,0.5872923135757446
case_257,4,resnet50v2,1,1,0.6494952738285065
case_263,4,resnet50v2,1,1,0.6191402971744537
case_274,4,resnet50v2,1,1,0.524820864200592
case_277,4,resnet50v2,1,1,0.5468288660049438
case_283,4,resnet50v2,1,1,0.6316156089305878
case_284,4,resnet50v2,1,1,0.5983415246009827
case_002,5,resnet50v2,1,0,0.4191426634788513
case_006,5,resnet50v2,1,0,0.4499741792678833
case_008,5,resnet50v2,0,0,0.5126773715019226
case_012,5,resnet50v2,1,0,0.4713753461837768
case_016,5,resnet50v2,1,0,0.4499363899230957
case_019,5,resnet50v2,0,0,0.5580184459686279
case_024,5,resnet50v2,1,0,0.4173604846000671
case_030,5,resnet50v2,0,0,0.5554201602935791
case_037,5,resnet50v2,1,0,0.4493473172187805
case_039,5,resnet50v2,0,0,0.5287101864814758
case_043,5,resnet50v2,1,0,0.4719799160957336
case_052,5,resnet50v2,0,0,0.5902248322963715
case_056,5,resnet50v2,1,0,0.4976502060890198
case_061,5,resnet50v2,0,0,0.5159781277179718
case_065,5,resnet50v2,0,0,0.5190993845462799
case_068,5,resnet50v2,0,0,0.5542442798614502
case_075,5,resnet50v2,0,0,0.5180880725383759
case_079,5,resnet50v2,0,0,0.5224458277225494
case_082,5,resnet50v2,0,0,0.5732155740261078
case_105,5,resnet50v2,0,0,0.6270952522754669
case_109,5,resnet50v2,1,0,0.3227127194404602
case_110,5,resnet50v2,0,0,0.6183988153934479
case_117,5,resnet50v2,1,0,0.3916094899177551
case_125,5,resnet50v2,1,0,0.4442774653434753
case_127,5,resnet50v2,1,0,0.398406445980072
case_142,5,resnet50v2,1,0,0.3989331722259521
case_152,5,resnet50v2,1,0,0.4576971530914306
case_154,5,resnet50v2,1,0,0.4922643899917602
case_162,5,resnet50v2,0,0,0.577629417181015
case_163,5,resnet50v2,1,0,0.400368332862854
case_168,5,resnet50v2,1,0,0.4647345542907715
case_173,5,resnet50v2,0,0,0.5187823474407196
case_175,5,resnet50v2,0,0,0.6088848114013672
case_176,5,resnet50v2,0,0,0.5946101248264313
case_181,5,resnet50v2,1,0,0.4479055404663086
case_182,5,resnet50v2,1,0,0.466982364654541
case_183,5,resnet50v2,1,0,0.444745659828186
case_190,5,resnet50v2,0,0,0.6332401931285858
case_194,5,resnet50v2,1,0,0.4683423042297363
case_206,5,resnet50v2,1,0,0.4000460505485534
case_209,5,resnet50v2,0,0,0.7064436376094818
case_213,5,resnet50v2,0,1,0.4261648654937744
case_227,5,resnet50v2,1,0,0.3692013025283813
case_228,5,resnet50v2,0,1,0.4702766537666321
case_231,5,resnet50v2,0,1,0.4090437293052673
case_233,5,resnet50v2,1,1,0.5785635113716125
case_241,5,resnet50v2,0,1,0.4258439540863037
case_246,5,resnet50v2,0,1,0.4445798397064209
case_247,5,resnet50v2,0,1,0.4798692464828491
case_255,5,resnet50v2,1,1,0.638609915971756
case_265,5,resnet50v2,0,1,0.4861790537834167
case_267,5,resnet50v2,0,1,0.4514323472976684
case_268,5,resnet50v2,1,1,0.6943544745445251
case_269,5,resnet50v2,0,1,0.4543510675430298
case_273,5,resnet50v2,1,1,0.6548671424388885
case_285,5,resnet50v2,0,1,0.4410710334777832
case_287,5,resnet50v2,1,1,0.7070002555847168
case_001,1,efficientnet_b3,1,0,0.2428335547447204
case_009,1,efficientnet_b3,1,0,0.2882684469223022
case_015,1,efficientnet_b3,1,0,0.1563623547554016
case_018,1,efficientnet_b3,1,0,0.4214327931404114
case_027,1,efficientnet_b3,1,0,0.2910312414169311
case_029,1,efficientnet_b3,1,0,0.3639294505119324
case_050,1,efficientnet_b3,1,0,0.2602484226226806
case_051,1,efficientnet_b3,1,0,0.3448570370674133
case_054,1,efficientnet_b3,0,0,0.5573861002922058
case_055,1,efficientnet_b3,1,0,0.4061110615730285
case_060,1,efficientnet_b3,1,0,0.2016167044639587
case_069,1,efficientnet_b3,1,0,0.4341351389884949
case_070,1,efficientnet_b3,1,0,0.287817895412445
case_071,1,efficientnet_b3,1,0,0.2538610100746155
case_072,1,efficientnet_b3,1,0,0.305956482887268
case_073,1,efficientnet_b3,0,0,0.5687451958656311
case_081,1,efficientnet_b3,1,0,0.2738655805587768
case_085,1,efficientnet_b3,1,0,0.2694216966629028
case_089,1,efficientnet_b3,0,0,0.5112895667552948
case_097,1,efficientnet_b3,1,0,0.4466757178306579
case_100,1,efficientnet_b3,1,0,0.4256649017333984
case_103,1,efficientnet_b3,1,0,0.3477585911750793
case_104,1,efficientnet_b3,1,0,0.3241283893585205
case_107,1,efficientnet_b3,1,0,0.2594267725944519
case_108,1,efficientnet_b3,1,0,0.333014965057373
case_112,1,efficientnet_b3,1,0,0.4989776611328125
case_113,1,efficientnet_b3,0,1,0.2409531474113464
case_114,1,efficientnet_b3,1,0,0.1638464331626892
case_121,1,efficientnet_b3,1,0,0.2778646945953369
case_126,1,efficientnet_b3,0,0,0.5846954882144928
case_134,1,efficientnet_b3,0,1,0.4983978271484375
case_135,1,efficientnet_b3,1,0,0.2657852172851562
case_137,1,efficientnet_b3,1,0,0.2509127855300903
case_141,1,efficientnet_b3,1,0,0.28502357006073
case_148,1,efficientnet_b3,1,0,0.2490817904472351
case_157,1,efficientnet_b3,1,0,0.4804482460021972
case_158,1,efficientnet_b3,1,0,0.3897788524627685
case_165,1,efficientnet_b3,0,0,0.5276207625865936
case_166,1,efficientnet_b3,1,0,0.1978703141212463
case_170,1,efficientnet_b3,1,0,0.3073580265045166
case_187,1,efficientnet_b3,0,0,0.5865968763828278
case_192,1,efficientnet_b3,1,0,0.3032931089401245
case_195,1,efficientnet_b3,1,0,0.4609267115592956
case_207,1,efficientnet_b3,0,0,0.6214906573295593
case_208,1,efficientnet_b3,1,1,0.5304797291755676
case_212,1,efficientnet_b3,1,0,0.421670913696289
case_214,1,efficientnet_b3,0,1,0.2064937353134155
case_224,1,efficientnet_b3,1,1,0.51994788646698
case_225,1,efficientnet_b3,0,1,0.3950467109680176
case_226,1,efficientnet_b3,1,1,0.5426512062549591
case_238,1,efficientnet_b3,0,1,0.4393338561058044
case_242,1,efficientnet_b3,1,1,0.516488790512085
case_243,1,efficientnet_b3,0,1,0.3241283893585205
case_245,1,efficientnet_b3,0,1,0.4531257748603821
case_256,1,efficientnet_b3,0,1,0.4789476990699768
case_264,1,efficientnet_b3,0,1,0.2740841507911682
case_276,1,efficientnet_b3,0,1,0.3838866949081421
case_279,1,efficientnet_b3,1,1,0.6109613478183746
case_004,2,efficientnet_b3,1,0,0.2310498356819152
case_005,2,efficientnet_b3,1,0,0.2456274628639221
case_007,2,efficientnet_b3,1,0,0.1965176463127136
case_014,2,efficientnet_b3,1,0,0.0888203382492065
case_021,2,efficientnet_b3,1,0,0.1579144597053527
case_022,2,efficientnet_b3,1,0,0.2310065031051635
case_034,2,efficientnet_b3,1,0,0.2203004360198974
case_035,2,efficientnet_b3,1,0,0.19064861536026
case_046,2,efficientnet_b3,1,0,0.1751145124435424
case_047,2,efficientnet_b3,1,0,0.3038867115974426
case_058,2,efficientnet_b3,1,0,0.1914787888526916
case_059,2,efficientnet_b3,1,0,0.2769837975502014
case_062,2,efficientnet_b3,0,0,0.5355690717697144
case_066,2,efficientnet_b3,1,0,0.1908748149871826
case_077,2,efficientnet_b3,1,0,0.1683778166770935
case_080,2,efficientnet_b3,1,0,0.4548221230506897
case_083,2,efficientnet_b3,1,0,0.1497178077697754
case_090,2,efficientnet_b3,1,0,0.12635338306427
case_091,2,efficientnet_b3,1,0,0.2614251971244812
case_099,2,efficientnet_b3,1,0,0.4857521653175354
case_120,2,efficientnet_b3,1,1,0.799050584435463
case_122,2,efficientnet_b3,0,0,0.5245773494243622
case_129,2,efficientnet_b3,1,0,0.420911967754364
case_131,2,efficientnet_b3,1,0,0.4714494943618774
case_132,2,efficientnet_b3,1,0,0.2005577087402343
case_140,2,efficientnet_b3,1,0,0.3077219724655151
case_143,2,efficientnet_b3,1,0,0.2788946032524109
case_146,2,efficientnet_b3,1,0,0.1832279562950134
case_150,2,efficientnet_b3,1,0,0.1987631320953369
case_155,2,efficientnet_b3,1,0,0.1718936562538147
case_156,2,efficientnet_b3,1,0,0.319917619228363
case_161,2,efficientnet_b3,1,0,0.264738380908966
case_167,2,efficientnet_b3,0,0,0.5966975390911102
case_172,2,efficientnet_b3,1,0,0.3333404064178467
case_177,2,efficientnet_b3,0,0,0.6043113172054291
case_178,2,efficientnet_b3,1,0,0.3333404064178467
case_180,2,efficientnet_b3,1,0,0.2756169438362121
case_184,2,efficientnet_b3,0,0,0.5509056150913239
case_185,2,efficientnet_b3,1,0,0.3463201522827148
case_188,2,efficientnet_b3,1,0,0.3582688570022583
case_196,2,efficientnet_b3,1,0,0.2072147130966186
case_204,2,efficientnet_b3,1,0,0.2908297777175903
case_210,2,efficientnet_b3,1,0,0.2594032883644104
case_220,2,efficientnet_b3,0,1,0.3077219724655151
case_222,2,efficientnet_b3,1,1,0.5910078883171082
case_240,2,efficientnet_b3,1,1,0.5690875947475433
case_250,2,efficientnet_b3,0,1,0.4574434161186218
case_251,2,efficientnet_b3,0,1,0.3646643757820129
case_252,2,efficientnet_b3,0,1,0.1978315711021423
case_253,2,efficientnet_b3,0,1,0.4877039194107055
case_254,2,efficientnet_b3,0,1,0.4184295535087585
case_258,2,efficientnet_b3,0,1,0.1732882261276245
case_270,2,efficientnet_b3,0,1,0.1966718435287475
case_271,2,efficientnet_b3,0,1,0.3264861106872558
case_275,2,efficientnet_b3,0,1,0.2151033282279968
case_278,2,efficientnet_b3,0,1,0.3566426634788513
case_280,2,efficientnet_b3,0,1,0.2693736553192138
case_282,2,efficientnet_b3,0,1,0.1927672028541565
case_010,3,efficientnet_b3,1,0,0.4437962770462036
case_020,3,efficientnet_b3,1,0,0.3888500332832336
case_028,3,efficientnet_b3,1,0,0.4281437397003174
case_032,3,efficientnet_b3,1,0,0.3444296717643738
case_033,3,efficientnet_b3,1,0,0.4290032386779785
case_038,3,efficientnet_b3,1,0,0.2941262125968933
case_040,3,efficientnet_b3,0,0,0.5901593267917633
case_041,3,efficientnet_b3,0,0,0.5204049050807953
case_045,3,efficientnet_b3,1,0,0.3668165802955627
case_048,3,efficientnet_b3,1,0,0.4398676753044128
case_049,3,efficientnet_b3,0,0,0.544301837682724
case_053,3,efficientnet_b3,1,0,0.498321533203125
case_057,3,efficientnet_b3,1,0,0.4772648215293884
case_063,3,efficientnet_b3,1,0,0.3874005675315857
case_067,3,efficientnet_b3,1,0,0.4176110029220581
case_078,3,efficientnet_b3,1,0,0.4652356505393982
case_084,3,efficientnet_b3,0,0,0.5590342581272125
case_087,3,efficientnet_b3,1,0,0.4391910433769226
case_093,3,efficientnet_b3,1,0,0.4454089403152466
case_094,3,efficientnet_b3,1,0,0.4628523588180542
case_095,3,efficientnet_b3,1,0,0.4054597616195678
case_098,3,efficientnet_b3,1,0,0.3809892535209656
case_102,3,efficientnet_b3,0,0,0.5830846428871155
case_115,3,efficientnet_b3,0,0,0.5729916095733643
case_119,3,efficientnet_b3,1,0,0.4469171166419983
case_123,3,efficientnet_b3,0,0,0.516999363899231
case_136,3,efficientnet_b3,1,0,0.4046838879585266
case_144,3,efficientnet_b3,1,0,0.3899711370468139
case_149,3,efficientnet_b3,1,0,0.4959717988967895
case_159,3,efficientnet_b3,1,0,0.4172641038894653
case_160,3,efficientnet_b3,1,0,0.4249488711357116
case_164,3,efficientnet_b3,1,0,0.4053310751914978
case_179,3,efficientnet_b3,0,0,0.5315902829170227
case_186,3,efficientnet_b3,1,0,0.2061738967895507
case_200,3,efficientnet_b3,1,0,0.4063612818717956
case_201,3,efficientnet_b3,1,0,0.4986572265625
case_202,3,efficientnet_b3,1,0,0.4805396199226379
case_203,3,efficientnet_b3,1,0,0.4806615114212036
case_205,3,efficientnet_b3,0,0,0.5195822417736053
case_211,3,efficientnet_b3,1,0,0.4864992499351501
case_217,3,efficientnet_b3,1,1,0.6248945891857147
case_221,3,efficientnet_b3,1,0,0.4614282250404358
case_229,3,efficientnet_b3,0,1,0.4446627497673034
case_230,3,efficientnet_b3,0,1,0.4840751886367798
case_234,3,efficientnet_b3,0,1,0.4167966246604919
case_237,3,efficientnet_b3,0,1,0.4204434156417846
case_239,3,efficientnet_b3,1,1,0.5212274491786957
case_244,3,efficientnet_b3,0,1,0.4823681712150574
case_249,3,efficientnet_b3,0,1,0.4802777767181396
case_259,3,efficientnet_b3,1,1,0.5823128819465637
case_260,3,efficientnet_b3,0,1,0.3909843564033508
case_261,3,efficientnet_b3,0,1,0.4311050772666931
case_262,3,efficientnet_b3,1,1,0.6005983650684357
case_266,3,efficientnet_b3,1,0,0.2940629124641418
case_272,3,efficientnet_b3,0,1,0.457257866859436
case_281,3,efficientnet_b3,0,1,0.4623516798019409
case_286,3,efficientnet_b3,0,1,0.4964447617530823
case_003,4,efficientnet_b3,1,0,0.498291015625
case_011,4,efficientnet_b3,0,0,0.5407420098781586
case_013,4,efficientnet_b3,1,0,0.4726150035858154
case_017,4,efficientnet_b3,0,0,0.5147662162780762
case_023,4,efficientnet_b3,0,0,0.5078728795051575
case_025,4,efficientnet_b3,0,0,0.5329644978046417
case_026,4,efficientnet_b3,1,0,0.479998767375946
case_031,4,efficientnet_b3,0,0,0.5135922133922577
case_036,4,efficientnet_b3,1,0,0.4923559427261352
case_042,4,efficientnet_b3,0,0,0.5231615304946899
case_044,4,efficientnet_b3,0,0,0.5156046748161316
case_064,4,efficientnet_b3,1,0,0.4919440746307373
case_074,4,efficientnet_b3,0,0,0.5252622961997986
case_076,4,efficientnet_b3,1,0,0.4826195836067199
case_086,4,efficientnet_b3,1,0,0.4897246956825256
case_088,4,efficientnet_b3,1,0,0.4940188527107239
case_092,4,efficientnet_b3,1,0,0.4963684678077698
case_096,4,efficientnet_b3,1,0,0.4975357055664062
case_101,4,efficientnet_b3,1,0,0.4785060286521911
case_106,4,efficientnet_b3,0,0,0.506621927022934
case_111,4,efficientnet_b3,1,0,0.4940722584724426
case_116,4,efficientnet_b3,0,0,0.524082601070404
case_118,4,efficientnet_b3,0,0,0.5270883142948151
case_124,4,efficientnet_b3,0,0,0.5028075873851776
case_128,4,efficientnet_b3,0,0,0.510732889175415
case_130,4,efficientnet_b3,0,0,0.5089435577392578
case_133,4,efficientnet_b3,1,0,0.4931644797325134
case_138,4,efficientnet_b3,0,0,0.5077813565731049
case_139,4,efficientnet_b3,0,0,0.5634680390357971
case_145,4,efficientnet_b3,0,0,0.5057065486907959
case_147,4,efficientnet_b3,0,0,0.5111065804958344
case_151,4,efficientnet_b3,0,0,0.534506231546402
case_153,4,efficientnet_b3,0,0,0.5365101993083954
case_169,4,efficientnet_b3,1,0,0.4936679005622864
case_171,4,efficientnet_b3,0,0,0.5036010146141052
case_174,4,efficientnet_b3,0,0,0.5231462717056274
case_189,4,efficientnet_b3,1,0,0.4670326709747314
case_191,4,efficientnet_b3,0,0,0.506560891866684
case_193,4,efficientnet_b3,1,0,0.4969329833984375
case_197,4,efficientnet_b3,0,0,0.5804560780525208
case_198,4,efficientnet_b3,0,0,0.5039061605930328
case_199,4,efficientnet_b3,0,0,0.5153302550315857
case_215,4,efficientnet_b3,0,1,0.4935535192489624
case_216,4,efficientnet_b3,1,1,0.5214130878448486
case_218,4,efficientnet_b3,1,1,0.5110455751419067
case_219,4,efficientnet_b3,1,1,0.507262647151947
case_223,4,efficientnet_b3,1,1,0.5186299681663513
case_232,4,efficientnet_b3,1,1,0.5321212112903595
case_235,4,efficientnet_b3,0,1,0.471744179725647
case_236,4,efficientnet_b3,1,1,0.5096194744110107
case_248,4,efficientnet_b3,1,1,0.5023040771484375
case_257,4,efficientnet_b3,1,1,0.5233518183231354
case_263,4,efficientnet_b3,1,1,0.5260003805160522
case_274,4,efficientnet_b3,0,1,0.4748061895370483
case_277,4,efficientnet_b3,1,1,0.5110684037208557
case_283,4,efficientnet_b3,1,1,0.504470705986023
case_284,4,efficientnet_b3,0,1,0.4889087080955505
case_002,5,efficientnet_b3,1,0,0.1401596069335937
case_006,5,efficientnet_b3,1,0,0.2011062502861023
case_008,5,efficientnet_b3,0,0,0.6549637019634247
case_012,5,efficientnet_b3,1,0,0.3339917659759521
case_016,5,efficientnet_b3,1,0,0.2176699042320251
case_019,5,efficientnet_b3,1,0,0.4371776580810547
case_024,5,efficientnet_b3,1,0,0.1993860006332397
case_030,5,efficientnet_b3,1,0,0.2056150436401367
case_037,5,efficientnet_b3,1,0,0.2219403386116027
case_039,5,efficientnet_b3,1,0,0.3976971507072449
case_043,5,efficientnet_b3,1,0,0.1034311652183532
case_052,5,efficientnet_b3,1,0,0.405477225780487
case_056,5,efficientnet_b3,1,0,0.120025634765625
case_061,5,efficientnet_b3,1,0,0.4040443897247314
case_065,5,efficientnet_b3,0,0,0.5968884825706482
case_068,5,efficientnet_b3,1,0,0.2203843593597412
case_075,5,efficientnet_b3,1,0,0.2919387817382812
case_079,5,efficientnet_b3,1,0,0.1885480284690857
case_082,5,efficientnet_b3,1,0,0.3082423210144043
case_105,5,efficientnet_b3,0,0,0.5873810648918152
case_109,5,efficientnet_b3,0,0,0.592025488615036
case_110,5,efficientnet_b3,0,0,0.7364006042480469
case_117,5,efficientnet_b3,1,0,0.2948490977287292
case_125,5,efficientnet_b3,0,0,0.5090932548046112
case_127,5,efficientnet_b3,0,0,0.6159256100654602
case_142,5,efficientnet_b3,1,0,0.2661188244819641
case_152,5,efficientnet_b3,1,0,0.4293358922004699
case_154,5,efficientnet_b3,1,0,0.196980595588684
case_162,5,efficientnet_b3,1,0,0.32949960231781
case_163,5,efficientnet_b3,1,0,0.2700950503349304
case_168,5,efficientnet_b3,1,0,0.3642403483390808
case_173,5,efficientnet_b3,0,0,0.5445289313793182
case_175,5,efficientnet_b3,0,0,0.5846861898899078
case_176,5,efficientnet_b3,0,0,0.5570921897888184
case_181,5,efficientnet_b3,0,0,0.8282453119754791
case_182,5,efficientnet_b3,0,0,0.6582527756690979
case_183,5,efficientnet_b3,0,0,0.610134094953537
case_190,5,efficientnet_b3,0,0,0.8377527445554733
case_194,5,efficientnet_b3,0,0,0.610910564661026
case_206,5,efficientnet_b3,1,0,0.4077754616737366
case_209,5,efficientnet_b3,1,0,0.3934141397476196
case_213,5,efficientnet_b3,1,1,0.7877679765224457
case_227,5,efficientnet_b3,1,0,0.299719750881195
case_228,5,efficientnet_b3,1,1,0.5477967262268066
case_231,5,efficientnet_b3,1,1,0.5408632159233093
case_233,5,efficientnet_b3,1,1,0.846704512834549
case_241,5,efficientnet_b3,1,1,0.5091542601585388
case_246,5,efficientnet_b3,1,1,0.7412996292114258
case_247,5,efficientnet_b3,1,1,0.7709824740886688
case_255,5,efficientnet_b3,1,1,0.8337987959384918
case_265,5,efficientnet_b3,0,1,0.3474541306495666
case_267,5,efficientnet_b3,1,1,0.642264187335968
case_268,5,efficientnet_b3,1,1,0.7699462473392487
case_269,5,efficientnet_b3,0,1,0.4077534079551697
case_273,5,efficientnet_b3,1,1,0.6819121241569519
case_285,5,efficientnet_b3,0,1,0.3631667494773865
case_287,5,efficientnet_b3,1,1,0.7279995977878571
case_001,1,yolo_coco,1,0,0.3063454627990722
case_009,1,yolo_coco,0,0,0.5280618965625763
case_015,1,yolo_coco,1,0,0.297265887260437
case_018,1,yolo_coco,1,0,0.4897017478942871
case_027,1,yolo_coco,1,0,0.3831218481063843
case_029,1,yolo_coco,1,0,0.4320933818817138
case_050,1,yolo_coco,1,0,0.3141031265258789
case_051,1,yolo_coco,1,0,0.3954041004180908
case_054,1,yolo_coco,0,0,0.732591837644577
case_055,1,yolo_coco,1,0,0.3946383595466614
case_060,1,yolo_coco,1,0,0.2622273564338684
case_069,1,yolo_coco,0,0,0.5272937119007111
case_070,1,yolo_coco,1,0,0.2809244990348816
case_071,1,yolo_coco,1,0,0.4626247882843017
case_072,1,yolo_coco,0,0,0.5326682329177856
case_073,1,yolo_coco,1,0,0.4562280178070068
case_081,1,yolo_coco,1,0,0.3991820216178894
case_085,1,yolo_coco,1,0,0.4391610026359558
case_089,1,yolo_coco,1,0,0.4888172149658203
case_097,1,yolo_coco,0,0,0.5843897461891174
case_100,1,yolo_coco,1,0,0.4121160507202148
case_103,1,yolo_coco,0,0,0.5076593160629272
case_104,1,yolo_coco,1,0,0.3338832259178161
case_107,1,yolo_coco,1,0,0.4923101663589477
case_108,1,yolo_coco,0,0,0.6739901304244995
case_112,1,yolo_coco,1,0,0.4977912902832031
case_113,1,yolo_coco,0,1,0.3847388029098511
case_114,1,yolo_coco,1,0,0.2998222112655639
case_121,1,yolo_coco,1,0,0.3571469783782959
case_126,1,yolo_coco,0,0,0.5628674030303955
case_134,1,yolo_coco,0,1,0.421693205833435
case_135,1,yolo_coco,1,0,0.3013620376586914
case_137,1,yolo_coco,1,0,0.2599430084228515
case_141,1,yolo_coco,1,0,0.4918067455291748
case_148,1,yolo_coco,1,0,0.3554391860961914
case_157,1,yolo_coco,0,0,0.5494894981384277
case_158,1,yolo_coco,1,0,0.4221212267875671
case_165,1,yolo_coco,0,0,0.5149072408676147
case_166,1,yolo_coco,1,0,0.2089849114418029
case_170,1,yolo_coco,1,0,0.3935307264328003
case_187,1,yolo_coco,0,0,0.5028381049633026
case_192,1,yolo_coco,1,0,0.2763487100601196
case_195,1,yolo_coco,0,0,0.5288375914096832
case_207,1,yolo_coco,1,0,0.4642791152000427
case_208,1,yolo_coco,1,1,0.6236061155796051
case_212,1,yolo_coco,1,0,0.4529215097427368
case_214,1,yolo_coco,0,1,0.2938095927238464
case_224,1,yolo_coco,0,1,0.4493322372436523
case_225,1,yolo_coco,0,1,0.4738398194313049
case_226,1,yolo_coco,0,1,0.460925817489624
case_238,1,yolo_coco,0,1,0.3683435916900635
case_242,1,yolo_coco,1,1,0.6906894743442535
case_243,1,yolo_coco,0,1,0.3132622241973877
case_245,1,yolo_coco,1,1,0.6506406664848328
case_256,1,yolo_coco,1,1,0.8022845983505249
case_264,1,yolo_coco,1,1,0.5533996820449829
case_276,1,yolo_coco,0,1,0.4681218862533569
case_279,1,yolo_coco,1,1,0.7439129054546356
case_004,2,yolo_coco,0,0,0.5195213258266449
case_005,2,yolo_coco,1,0,0.2772283554077148
case_007,2,yolo_coco,1,0,0.1455399394035339
case_014,2,yolo_coco,1,0,0.0955180525779724
case_021,2,yolo_coco,1,0,0.0935122966766357
case_022,2,yolo_coco,1,0,0.2568320631980896
case_034,2,yolo_coco,1,0,0.1838132739067077
case_035,2,yolo_coco,0,0,0.532615065574646
case_046,2,yolo_coco,1,0,0.0723740458488464
case_047,2,yolo_coco,1,0,0.4486376047134399
case_058,2,yolo_coco,1,0,0.0971760153770446
case_059,2,yolo_coco,0,0,0.6830496191978455
case_062,2,yolo_coco,0,0,0.7239930033683777
case_066,2,yolo_coco,1,0,0.0818126797676086
case_077,2,yolo_coco,1,0,0.0633084177970886
case_080,2,yolo_coco,0,0,0.8372876197099686
case_083,2,yolo_coco,1,0,0.1492831707000732
case_090,2,yolo_coco,1,0,0.1954404711723327
case_091,2,yolo_coco,1,0,0.1832279562950134
case_099,2,yolo_coco,0,0,0.915204592049122
case_120,2,yolo_coco,1,1,0.9348129630088806
case_122,2,yolo_coco,0,0,0.8679338544607162
case_129,2,yolo_coco,0,0,0.6502452194690704
case_131,2,yolo_coco,1,0,0.1770981550216674
case_132,2,yolo_coco,1,0,0.1438479423522949
case_140,2,yolo_coco,1,0,0.2671691179275512
case_143,2,yolo_coco,0,0,0.8709269613027573
case_146,2,yolo_coco,1,0,0.2491730451583862
case_150,2,yolo_coco,1,0,0.1113860607147216
case_155,2,yolo_coco,1,0,0.3449673056602478
case_156,2,yolo_coco,1,0,0.0844172239303588
case_161,2,yolo_coco,1,0,0.1849146485328674
case_167,2,yolo_coco,0,0,0.8521374762058258
case_172,2,yolo_coco,1,0,0.1300089955329895
case_177,2,yolo_coco,0,0,0.9596109315752984
case_178,2,yolo_coco,1,0,0.383929967880249
case_180,2,yolo_coco,1,0,0.104660153388977
case_184,2,yolo_coco,1,0,0.3685193657875061
case_185,2,yolo_coco,0,0,0.9193533807992936
case_188,2,yolo_coco,0,0,0.7714132815599442
case_196,2,yolo_coco,0,0,0.8666412234306335
case_204,2,yolo_coco,0,0,0.582906574010849
case_210,2,yolo_coco,1,0,0.2393493056297302
case_220,2,yolo_coco,1,1,0.842863142490387
case_222,2,yolo_coco,1,1,0.9289263337850572
case_240,2,yolo_coco,1,1,0.9636433348059654
case_250,2,yolo_coco,1,1,0.62446528673172
case_251,2,yolo_coco,0,1,0.2038659453392028
case_252,2,yolo_coco,1,1,0.8398653566837311
case_253,2,yolo_coco,0,1,0.2608599066734314
case_254,2,yolo_coco,1,1,0.6653561890125275
case_258,2,yolo_coco,0,1,0.4805396199226379
case_270,2,yolo_coco,0,1,0.2216032743453979
case_271,2,yolo_coco,1,1,0.8777914270758629
case_275,2,yolo_coco,1,1,0.5044173002243042
case_278,2,yolo_coco,0,1,0.4249413609504699
case_280,2,yolo_coco,1,1,0.585304856300354
case_282,2,yolo_coco,0,1,0.0237346291542053
case_010,3,yolo_coco,1,0,0.4374329447746277
case_020,3,yolo_coco,1,0,0.1827535033226013
case_028,3,yolo_coco,0,0,0.63287153840065
case_032,3,yolo_coco,1,0,0.180684208869934
case_033,3,yolo_coco,1,0,0.372733473777771
case_038,3,yolo_coco,1,0,0.1681727766990661
case_040,3,yolo_coco,1,0,0.4115246534347534
case_041,3,yolo_coco,0,0,0.5466171503067017
case_045,3,yolo_coco,1,0,0.2253313660621643
case_048,3,yolo_coco,1,0,0.4935306310653686
case_049,3,yolo_coco,0,0,0.5932116806507111
case_053,3,yolo_coco,1,0,0.2823940515518188
case_057,3,yolo_coco,1,0,0.1622472405433654
case_063,3,yolo_coco,1,0,0.2174205780029297
case_067,3,yolo_coco,0,0,0.7267166078090668
case_078,3,yolo_coco,1,0,0.2965014576911926
case_084,3,yolo_coco,0,0,0.5759113430976868
case_087,3,yolo_coco,1,0,0.1421722769737243
case_093,3,yolo_coco,1,0,0.0980793237686157
case_094,3,yolo_coco,0,0,0.7331176102161407
case_095,3,yolo_coco,0,0,0.667662501335144
case_098,3,yolo_coco,1,0,0.1207495331764221
case_102,3,yolo_coco,1,0,0.23996102809906
case_115,3,yolo_coco,0,0,0.5319996774196625
case_119,3,yolo_coco,1,0,0.1675589084625244
case_123,3,yolo_coco,1,0,0.3712292313575744
case_136,3,yolo_coco,1,0,0.1744102835655212
case_144,3,yolo_coco,1,0,0.3466519117355346
case_149,3,yolo_coco,0,0,0.7401274144649506
case_159,3,yolo_coco,1,0,0.4201311469078064
case_160,3,yolo_coco,1,0,0.09816575050354
case_164,3,yolo_coco,1,0,0.0415011048316955
case_179,3,yolo_coco,0,0,0.5149186551570892
case_186,3,yolo_coco,1,0,0.2388607859611511
case_200,3,yolo_coco,1,0,0.3469837307929992
case_201,3,yolo_coco,1,0,0.4758184552192688
case_202,3,yolo_coco,0,0,0.5164278149604797
case_203,3,yolo_coco,1,0,0.1797823905944824
case_205,3,yolo_coco,1,0,0.1540893912315368
case_211,3,yolo_coco,0,0,0.6609387695789337
case_217,3,yolo_coco,1,1,0.6660081744194031
case_221,3,yolo_coco,1,0,0.3258959054946899
case_229,3,yolo_coco,1,1,0.6718474626541138
case_230,3,yolo_coco,0,1,0.4306561350822449
case_234,3,yolo_coco,0,1,0.2830377221107483
case_237,3,yolo_coco,0,1,0.4307159185409546
case_239,3,yolo_coco,1,1,0.959421258419752
case_244,3,yolo_coco,0,1,0.2197558283805847
case_249,3,yolo_coco,1,1,0.9170058518648148
case_259,3,yolo_coco,1,1,0.6609387695789337
case_260,3,yolo_coco,0,1,0.259813904762268
case_261,3,yolo_coco,1,1,0.5885344445705414
case_262,3,yolo_coco,0,1,0.4604101777076721
case_266,3,yolo_coco,1,0,0.4091949462890625
case_272,3,yolo_coco,0,1,0.2327021956443786
case_281,3,yolo_coco,0,1,0.1700940728187561
case_286,3,yolo_coco,0,1,0.2419816255569458
case_003,4,yolo_coco,1,0,0.0882686376571655
case_011,4,yolo_coco,1,0,0.4468416571617126
case_013,4,yolo_coco,1,0,0.49822998046875
case_017,4,yolo_coco,1,0,0.0146438479423522
case_023,4,yolo_coco,1,0,0.023330807685852
case_025,4,yolo_coco,1,0,0.2393937706947326
case_026,4,yolo_coco,1,0,0.0093491077423095
case_031,4,yolo_coco,1,0,0.0820330381393432
case_036,4,yolo_coco,1,0,0.0573346614837646
case_042,4,yolo_coco,1,0,0.0885441303253173
case_044,4,yolo_coco,1,0,0.265332818031311
case_064,4,yolo_coco,1,0,0.0369080305099487
case_074,4,yolo_coco,1,0,0.0085608959197998
case_076,4,yolo_coco,1,0,0.0302431583404541
case_086,4,yolo_coco,1,0,0.0751424431800842
case_088,4,yolo_coco,1,0,0.0538991689682006
case_092,4,yolo_coco,1,0,0.1393378376960754
case_096,4,yolo_coco,1,0,0.3001042008399963
case_101,4,yolo_coco,1,0,0.158564805984497
case_106,4,yolo_coco,1,0,0.1646507382392883
case_111,4,yolo_coco,1,0,0.1366372108459472
case_116,4,yolo_coco,1,0,0.0168662667274475
case_118,4,yolo_coco,1,0,0.4225642085075378
case_124,4,yolo_coco,1,0,0.0714614987373352
case_128,4,yolo_coco,0,0,0.6365225613117218
case_130,4,yolo_coco,1,0,0.118640124797821
case_133,4,yolo_coco,0,0,0.8754679262638092
case_138,4,yolo_coco,1,0,0.2224888801574707
case_139,4,yolo_coco,1,0,0.2446336150169372
case_145,4,yolo_coco,1,0,0.0181247591972351
case_147,4,yolo_coco,1,0,0.2280516624450683
case_151,4,yolo_coco,1,0,0.0622169971466064
case_153,4,yolo_coco,1,0,0.02423757314682
case_169,4,yolo_coco,1,0,0.2317880392074585
case_171,4,yolo_coco,1,0,0.2359436154365539
case_174,4,yolo_coco,0,0,0.5640384256839752
case_189,4,yolo_coco,1,0,0.0496811270713806
case_191,4,yolo_coco,1,0,0.0894944071769714
case_193,4,yolo_coco,1,0,0.1749029755592346
case_197,4,yolo_coco,1,0,0.4489698410034179
case_198,4,yolo_coco,1,0,0.2069742083549499
case_199,4,yolo_coco,1,0,0.2516477108001709
case_215,4,yolo_coco,1,1,0.8816913217306137
case_216,4,yolo_coco,0,1,0.0744329094886779
case_218,4,yolo_coco,0,1,0.2229538559913635
case_219,4,yolo_coco,0,1,0.1135304570198059
case_223,4,yolo_coco,1,1,0.7665995508432388
case_232,4,yolo_coco,1,1,0.7595376670360565
case_235,4,yolo_coco,0,1,0.035344123840332
case_236,4,yolo_coco,1,1,0.7860485762357712
case_248,4,yolo_coco,1,1,0.7194267511367798
case_257,4,yolo_coco,0,1,0.4378836154937744
case_263,4,yolo_coco,0,1,0.330795407295227
case_274,4,yolo_coco,0,1,0.0252509117126464
case_277,4,yolo_coco,0,1,0.3489224314689636
case_283,4,yolo_coco,0,1,0.3715925812721252
case_284,4,yolo_coco,0,1,0.4374329447746277
case_002,5,yolo_coco,1,0,0.0265818834304809
case_006,5,yolo_coco,1,0,0.032436192035675
case_008,5,yolo_coco,1,0,0.4069982171058655
case_012,5,yolo_coco,1,0,0.091951310634613
case_016,5,yolo_coco,1,0,0.0022694468498229
case_019,5,yolo_coco,0,0,0.6572634875774384
case_024,5,yolo_coco,1,0,0.0148996710777282
case_030,5,yolo_coco,1,0,0.0268357396125793
case_037,5,yolo_coco,1,0,0.0299865007400512
case_039,5,yolo_coco,1,0,0.050424039363861
case_043,5,yolo_coco,1,0,0.0631348490715026
case_052,5,yolo_coco,1,0,0.2060140967369079
case_056,5,yolo_coco,1,0,0.0070390105247497
case_061,5,yolo_coco,1,0,0.1126000881195068
case_065,5,yolo_coco,1,0,0.0101107954978942
case_068,5,yolo_coco,1,0,0.0763387680053711
case_075,5,yolo_coco,1,0,0.0372217297554016
case_079,5,yolo_coco,1,0,0.0175431966781616
case_082,5,yolo_coco,1,0,0.0173923373222351
case_105,5,yolo_coco,1,0,0.253445029258728
case_109,5,yolo_coco,1,0,0.1596100330352783
case_110,5,yolo_coco,0,0,0.8935883045196533
case_117,5,yolo_coco,1,0,0.0110721588134765
case_125,5,yolo_coco,0,0,0.5194146931171417
case_127,5,yolo_coco,1,0,0.039305567741394
case_142,5,yolo_coco,1,0,0.0535515546798706
case_152,5,yolo_coco,1,0,0.1061334013938903
case_154,5,yolo_coco,1,0,0.0630772113800048
case_162,5,yolo_coco,1,0,0.0168824195861816
case_163,5,yolo_coco,1,0,0.0142270922660827
case_168,5,yolo_coco,1,0,0.0334312915802001
case_173,5,yolo_coco,1,0,0.1056249737739563
case_175,5,yolo_coco,0,0,0.8347439467906952
case_176,5,yolo_coco,0,0,0.5017852783203125
case_181,5,yolo_coco,1,0,0.0525217056274414
case_182,5,yolo_coco,1,0,0.0501907467842102
case_183,5,yolo_coco,1,0,0.2567387819290161
case_190,5,yolo_coco,0,0,0.9385478049516678
case_194,5,yolo_coco,1,0,0.1336976885795593
case_206,5,yolo_coco,1,0,0.0176613926887512
case_209,5,yolo_coco,0,0,0.730193704366684
case_213,5,yolo_coco,0,1,0.4838923215866089
case_227,5,yolo_coco,1,0,0.0773084163665771
case_228,5,yolo_coco,0,1,0.0124316811561584
case_231,5,yolo_coco,0,1,0.130285382270813
case_233,5,yolo_coco,0,1,0.4707670211791992
case_241,5,yolo_coco,0,1,0.0356113910675048
case_246,5,yolo_coco,0,1,0.098338782787323
case_247,5,yolo_coco,0,1,0.1627789139747619
case_255,5,yolo_coco,0,1,0.1977540850639343
case_265,5,yolo_coco,0,1,0.0244696140289306
case_267,5,yolo_coco,0,1,0.0945103764533996
case_268,5,yolo_coco,1,1,0.9088608548045158
case_269,5,yolo_coco,0,1,0.0146157145500183
case_273,5,yolo_coco,1,1,0.8597815185785294
case_285,5,yolo_coco,0,1,0.0894545912742614
case_287,5,yolo_coco,1,1,0.9242102578282356
case_001,1,yolo_scratch,1,0,0.4937136769294739
case_009,1,yolo_scratch,1,0,0.4946749210357666
case_015,1,yolo_scratch,1,0,0.4945375919342041
case_018,1,yolo_scratch,1,0,0.4940646290779114
case_027,1,yolo_scratch,1,0,0.4942934513092041
case_029,1,yolo_scratch,1,0,0.4940951466560364
case_050,1,yolo_scratch,1,0,0.4939120411872864
case_051,1,yolo_scratch,1,0,0.4940646290779114
case_054,1,yolo_scratch,1,0,0.4942018985748291
case_055,1,yolo_scratch,1,0,0.4944918155670166
case_060,1,yolo_scratch,1,0,0.4949800372123718
case_069,1,yolo_scratch,1,0,0.4943392276763916
case_070,1,yolo_scratch,1,0,0.4944002628326416
case_071,1,yolo_scratch,1,0,0.4939883351325989
case_072,1,yolo_scratch,1,0,0.4943239688873291
case_073,1,yolo_scratch,1,0,0.4944460391998291
case_081,1,yolo_scratch,1,0,0.4941408634185791
case_085,1,yolo_scratch,1,0,0.4943850040435791
case_089,1,yolo_scratch,1,0,0.4942172169685364
case_097,1,yolo_scratch,1,0,0.4940798878669739
case_100,1,yolo_scratch,1,0,0.4941256642341614
case_103,1,yolo_scratch,1,0,0.4939120411872864
case_104,1,yolo_scratch,1,0,0.4942018985748291
case_107,1,yolo_scratch,1,0,0.4940188527107239
case_108,1,yolo_scratch,1,0,0.4940188527107239
case_112,1,yolo_scratch,1,0,0.4944155216217041
case_113,1,yolo_scratch,0,1,0.4942172169685364
case_114,1,yolo_scratch,1,0,0.4936069250106811
case_121,1,yolo_scratch,1,0,0.4936984181404114
case_126,1,yolo_scratch,1,0,0.4943545460700989
case_134,1,yolo_scratch,0,1,0.4942476749420166
case_135,1,yolo_scratch,1,0,0.4939425587654114
case_137,1,yolo_scratch,1,0,0.4940188527107239
case_141,1,yolo_scratch,1,0,0.4937441945075989
case_148,1,yolo_scratch,1,0,0.4939425587654114
case_157,1,yolo_scratch,1,0,0.4938967823982239
case_158,1,yolo_scratch,1,0,0.4942629337310791
case_165,1,yolo_scratch,1,0,0.4943087100982666
case_166,1,yolo_scratch,1,0,0.4937594532966614
case_170,1,yolo_scratch,1,0,0.4941713809967041
case_187,1,yolo_scratch,1,0,0.4940646290779114
case_192,1,yolo_scratch,1,0,0.4945375919342041
case_195,1,yolo_scratch,1,0,0.4943697452545166
case_207,1,yolo_scratch,1,0,0.4946138858795166
case_208,1,yolo_scratch,0,1,0.4941104054450989
case_212,1,yolo_scratch,1,0,0.4943697452545166
case_214,1,yolo_scratch,0,1,0.4943850040435791
case_224,1,yolo_scratch,0,1,0.4943545460700989
case_225,1,yolo_scratch,0,1,0.4942629337310791
case_226,1,yolo_scratch,0,1,0.4948579668998718
case_238,1,yolo_scratch,0,1,0.4942476749420166
case_242,1,yolo_scratch,0,1,0.4940035939216614
case_243,1,yolo_scratch,0,1,0.4944002628326416
case_245,1,yolo_scratch,0,1,0.4938967823982239
case_256,1,yolo_scratch,0,1,0.4940341114997864
case_264,1,yolo_scratch,0,1,0.4947511553764343
case_276,1,yolo_scratch,0,1,0.4940951466560364
case_279,1,yolo_scratch,0,1,0.4960480332374573
case_004,2,yolo_scratch,1,0,0.4204211235046386
case_005,2,yolo_scratch,1,0,0.4204508066177368
case_007,2,yolo_scratch,1,0,0.4204508066177368
case_014,2,yolo_scratch,1,0,0.4204508066177368
case_021,2,yolo_scratch,1,0,0.4204211235046386
case_022,2,yolo_scratch,1,0,0.4204508066177368
case_034,2,yolo_scratch,1,0,0.4204508066177368
case_035,2,yolo_scratch,1,0,0.4204211235046386
case_046,2,yolo_scratch,1,0,0.4204508066177368
case_047,2,yolo_scratch,1,0,0.4204508066177368
case_058,2,yolo_scratch,1,0,0.4204508066177368
case_059,2,yolo_scratch,1,0,0.4204211235046386
case_062,2,yolo_scratch,1,0,0.4204508066177368
case_066,2,yolo_scratch,1,0,0.4204211235046386
case_077,2,yolo_scratch,1,0,0.4204508066177368
case_080,2,yolo_scratch,1,0,0.4204211235046386
case_083,2,yolo_scratch,1,0,0.4204211235046386
case_090,2,yolo_scratch,1,0,0.4204211235046386
case_091,2,yolo_scratch,1,0,0.4204508066177368
case_099,2,yolo_scratch,1,0,0.4204508066177368
case_120,2,yolo_scratch,0,1,0.4204508066177368
case_122,2,yolo_scratch,1,0,0.4204508066177368
case_129,2,yolo_scratch,1,0,0.4204508066177368
case_131,2,yolo_scratch,1,0,0.4204211235046386
case_132,2,yolo_scratch,1,0,0.4204211235046386
case_140,2,yolo_scratch,1,0,0.4204211235046386
case_143,2,yolo_scratch,1,0,0.4204211235046386
case_146,2,yolo_scratch,1,0,0.4204211235046386
case_150,2,yolo_scratch,1,0,0.4204508066177368
case_155,2,yolo_scratch,1,0,0.4204508066177368
case_156,2,yolo_scratch,1,0,0.4204211235046386
case_161,2,yolo_scratch,1,0,0.4203913807868957
case_167,2,yolo_scratch,1,0,0.4204806089401245
case_172,2,yolo_scratch,1,0,0.4204211235046386
case_177,2,yolo_scratch,1,0,0.4204211235046386
case_178,2,yolo_scratch,1,0,0.4204508066177368
case_180,2,yolo_scratch,1,0,0.4204211235046386
case_184,2,yolo_scratch,1,0,0.4204211235046386
case_185,2,yolo_scratch,1,0,0.4204508066177368
case_188,2,yolo_scratch,1,0,0.4204211235046386
case_196,2,yolo_scratch,1,0,0.4204211235046386
case_204,2,yolo_scratch,1,0,0.4204508066177368
case_210,2,yolo_scratch,1,0,0.4204211235046386
case_220,2,yolo_scratch,0,1,0.4204211235046386
case_222,2,yolo_scratch,0,1,0.4204508066177368
case_240,2,yolo_scratch,0,1,0.4204508066177368
case_250,2,yolo_scratch,0,1,0.4204508066177368
case_251,2,yolo_scratch,0,1,0.4204508066177368
case_252,2,yolo_scratch,0,1,0.4204508066177368
case_253,2,yolo_scratch,0,1,0.4204508066177368
case_254,2,yolo_scratch,0,1,0.4204806089401245
case_258,2,yolo_scratch,0,1,0.4204211235046386
case_270,2,yolo_scratch,0,1,0.4204508066177368
case_271,2,yolo_scratch,0,1,0.4204508066177368
case_275,2,yolo_scratch,0,1,0.4204211235046386
case_278,2,yolo_scratch,0,1,0.4204211235046386
case_280,2,yolo_scratch,0,1,0.4204508066177368
case_282,2,yolo_scratch,0,1,0.4204211235046386
case_010,3,yolo_scratch,1,0,0.4597298502922058
case_020,3,yolo_scratch,1,0,0.4597316980361938
case_028,3,yolo_scratch,1,0,0.4597222208976745
case_032,3,yolo_scratch,1,0,0.4597412347793579
case_033,3,yolo_scratch,1,0,0.4597430825233459
case_038,3,yolo_scratch,1,0,0.4597904682159424
case_040,3,yolo_scratch,1,0,0.4597128033638
case_041,3,yolo_scratch,1,0,0.4597146511077881
case_045,3,yolo_scratch,1,0,0.4597525596618652
case_048,3,yolo_scratch,1,0,0.4597355127334595
case_049,3,yolo_scratch,1,0,0.4597620368003845
case_053,3,yolo_scratch,1,0,0.4597506523132324
case_057,3,yolo_scratch,1,0,0.4597563147544861
case_063,3,yolo_scratch,1,0,0.4597089886665344
case_067,3,yolo_scratch,1,0,0.459703266620636
case_078,3,yolo_scratch,1,0,0.4597355127334595
case_084,3,yolo_scratch,1,0,0.4597108364105224
case_087,3,yolo_scratch,1,0,0.4597620368003845
case_093,3,yolo_scratch,1,0,0.4597051739692688
case_094,3,yolo_scratch,1,0,0.4597298502922058
case_095,3,yolo_scratch,1,0,0.4597336053848266
case_098,3,yolo_scratch,1,0,0.4597298502922058
case_102,3,yolo_scratch,1,0,0.4597260355949402
case_115,3,yolo_scratch,1,0,0.4597582817077636
case_119,3,yolo_scratch,1,0,0.4597506523132324
case_123,3,yolo_scratch,1,0,0.4597336053848266
case_136,3,yolo_scratch,1,0,0.4597601294517517
case_144,3,yolo_scratch,1,0,0.4597222208976745
case_149,3,yolo_scratch,1,0,0.459754467010498
case_159,3,yolo_scratch,1,0,0.4597658514976501
case_160,3,yolo_scratch,1,0,0.4597430825233459
case_164,3,yolo_scratch,1,0,0.459769606590271
case_179,3,yolo_scratch,1,0,0.4596976041793823
case_186,3,yolo_scratch,1,0,0.459754467010498
case_200,3,yolo_scratch,1,0,0.4597203135490417
case_201,3,yolo_scratch,1,0,0.4597506523132324
case_202,3,yolo_scratch,1,0,0.4597506523132324
case_203,3,yolo_scratch,1,0,0.4597449898719787
case_205,3,yolo_scratch,1,0,0.459769606590271
case_211,3,yolo_scratch,1,0,0.4597506523132324
case_217,3,yolo_scratch,0,1,0.4597336053848266
case_221,3,yolo_scratch,1,0,0.4597658514976501
case_229,3,yolo_scratch,0,1,0.459754467010498
case_230,3,yolo_scratch,0,1,0.4597639441490173
case_234,3,yolo_scratch,0,1,0.4597222208976745
case_237,3,yolo_scratch,0,1,0.4597771763801574
case_239,3,yolo_scratch,0,1,0.4597336053848266
case_244,3,yolo_scratch,0,1,0.4597639441490173
case_249,3,yolo_scratch,0,1,0.4597298502922058
case_259,3,yolo_scratch,0,1,0.459769606590271
case_260,3,yolo_scratch,0,1,0.4597582817077636
case_261,3,yolo_scratch,0,1,0.4597298502922058
case_262,3,yolo_scratch,0,1,0.4597051739692688
case_266,3,yolo_scratch,1,0,0.4597620368003845
case_272,3,yolo_scratch,0,1,0.4597676992416382
case_281,3,yolo_scratch,0,1,0.4597468972206116
case_286,3,yolo_scratch,0,1,0.4597336053848266
case_003,4,yolo_scratch,1,0,0.4619951844215393
case_011,4,yolo_scratch,1,0,0.462002694606781
case_013,4,yolo_scratch,1,0,0.462002694606781
case_017,4,yolo_scratch,1,0,0.4619951844215393
case_023,4,yolo_scratch,1,0,0.462002694606781
case_025,4,yolo_scratch,1,0,0.4619951844215393
case_026,4,yolo_scratch,1,0,0.462002694606781
case_031,4,yolo_scratch,1,0,0.4619951844215393
case_036,4,yolo_scratch,1,0,0.4620406627655029
case_042,4,yolo_scratch,1,0,0.462002694606781
case_044,4,yolo_scratch,1,0,0.4619951844215393
case_064,4,yolo_scratch,1,0,0.462002694606781
case_074,4,yolo_scratch,1,0,0.4620103240013122
case_076,4,yolo_scratch,1,0,0.462002694606781
case_086,4,yolo_scratch,1,0,0.4619951844215393
case_088,4,yolo_scratch,1,0,0.4619951844215393
case_092,4,yolo_scratch,1,0,0.462002694606781
case_096,4,yolo_scratch,1,0,0.462002694606781
case_101,4,yolo_scratch,1,0,0.462002694606781
case_106,4,yolo_scratch,1,0,0.462002694606781
case_111,4,yolo_scratch,1,0,0.462002694606781
case_116,4,yolo_scratch,1,0,0.4620103240013122
case_118,4,yolo_scratch,1,0,0.4619951844215393
case_124,4,yolo_scratch,1,0,0.462002694606781
case_128,4,yolo_scratch,1,0,0.462002694606781
case_130,4,yolo_scratch,1,0,0.462002694606781
case_133,4,yolo_scratch,1,0,0.462002694606781
case_138,4,yolo_scratch,1,0,0.462002694606781
case_139,4,yolo_scratch,1,0,0.4620330929756164
case_145,4,yolo_scratch,1,0,0.462002694606781
case_147,4,yolo_scratch,1,0,0.4619951844215393
case_151,4,yolo_scratch,1,0,0.4619951844215393
case_153,4,yolo_scratch,1,0,0.462002694606781
case_169,4,yolo_scratch,1,0,0.4620103240013122
case_171,4,yolo_scratch,1,0,0.4620330929756164
case_174,4,yolo_scratch,1,0,0.4619951844215393
case_189,4,yolo_scratch,1,0,0.4619951844215393
case_191,4,yolo_scratch,1,0,0.462002694606781
case_193,4,yolo_scratch,1,0,0.462002694606781
case_197,4,yolo_scratch,1,0,0.4620406627655029
case_198,4,yolo_scratch,1,0,0.462002694606781
case_199,4,yolo_scratch,1,0,0.462002694606781
case_215,4,yolo_scratch,0,1,0.462002694606781
case_216,4,yolo_scratch,0,1,0.462002694606781
case_218,4,yolo_scratch,0,1,0.462002694606781
case_219,4,yolo_scratch,0,1,0.462002694606781
case_223,4,yolo_scratch,0,1,0.4619951844215393
case_232,4,yolo_scratch,0,1,0.4619951844215393
case_235,4,yolo_scratch,0,1,0.462002694606781
case_236,4,yolo_scratch,0,1,0.462002694606781
case_248,4,yolo_scratch,0,1,0.462002694606781
case_257,4,yolo_scratch,0,1,0.4619951844215393
case_263,4,yolo_scratch,0,1,0.4619951844215393
case_274,4,yolo_scratch,0,1,0.4619951844215393
case_277,4,yolo_scratch,0,1,0.4619951844215393
case_283,4,yolo_scratch,0,1,0.461987555027008
case_284,4,yolo_scratch,0,1,0.4619951844215393
case_002,5,yolo_scratch,1,0,0.4937441945075989
case_006,5,yolo_scratch,1,0,0.4942018985748291
case_008,5,yolo_scratch,1,0,0.4937441945075989
case_012,5,yolo_scratch,1,0,0.4935382604598999
case_016,5,yolo_scratch,1,0,0.4937365651130676
case_019,5,yolo_scratch,1,0,0.4936755895614624
case_024,5,yolo_scratch,1,0,0.4925923943519592
case_030,5,yolo_scratch,1,0,0.4935230016708374
case_037,5,yolo_scratch,1,0,0.4947053790092468
case_039,5,yolo_scratch,1,0,0.4935687780380249
case_043,5,yolo_scratch,1,0,0.4925313591957092
case_052,5,yolo_scratch,1,0,0.4943010807037353
case_056,5,yolo_scratch,1,0,0.4933399558067322
case_061,5,yolo_scratch,1,0,0.4938510060310364
case_065,5,yolo_scratch,1,0,0.4943239688873291
case_068,5,yolo_scratch,1,0,0.4928059577941894
case_075,5,yolo_scratch,1,0,0.491936445236206
case_079,5,yolo_scratch,1,0,0.4930881857872009
case_082,5,yolo_scratch,1,0,0.4938358068466186
case_105,5,yolo_scratch,1,0,0.4933856725692749
case_109,5,yolo_scratch,1,0,0.4931873679161072
case_110,5,yolo_scratch,1,0,0.4944764971733093
case_117,5,yolo_scratch,1,0,0.4930119514465332
case_125,5,yolo_scratch,1,0,0.4937061071395874
case_127,5,yolo_scratch,1,0,0.4938815236091614
case_142,5,yolo_scratch,1,0,0.4931034445762634
case_152,5,yolo_scratch,1,0,0.4935992956161499
case_154,5,yolo_scratch,1,0,0.4937670826911926
case_162,5,yolo_scratch,1,0,0.4934161901473999
case_163,5,yolo_scratch,1,0,0.4940798878669739
case_168,5,yolo_scratch,1,0,0.4940035939216614
case_173,5,yolo_scratch,1,0,0.4940188527107239
case_175,5,yolo_scratch,1,0,0.4939120411872864
case_176,5,yolo_scratch,1,0,0.4939425587654114
case_181,5,yolo_scratch,1,0,0.4941713809967041
case_182,5,yolo_scratch,1,0,0.4934619665145874
case_183,5,yolo_scratch,1,0,0.4940798878669739
case_190,5,yolo_scratch,1,0,0.4940722584724426
case_194,5,yolo_scratch,1,0,0.4941104054450989
case_206,5,yolo_scratch,1,0,0.4930576682090759
case_209,5,yolo_scratch,1,0,0.4938358068466186
case_213,5,yolo_scratch,0,1,0.4937289953231811
case_227,5,yolo_scratch,1,0,0.4940798878669739
case_228,5,yolo_scratch,0,1,0.4939654469490051
case_231,5,yolo_scratch,0,1,0.4942934513092041
case_233,5,yolo_scratch,0,1,0.4935916662216186
case_241,5,yolo_scratch,0,1,0.4933551549911499
case_246,5,yolo_scratch,0,1,0.4940951466560364
case_247,5,yolo_scratch,0,1,0.4938281178474426
case_255,5,yolo_scratch,0,1,0.4939578175544739
case_265,5,yolo_scratch,0,1,0.4941027760505676
case_267,5,yolo_scratch,0,1,0.4933094382286072
case_268,5,yolo_scratch,0,1,0.4945756793022156
case_269,5,yolo_scratch,0,1,0.4941637516021728
case_273,5,yolo_scratch,0,1,0.4937976002693176
case_285,5,yolo_scratch,0,1,0.4933246970176697
case_287,5,yolo_scratch,0,1,0.4940417408943176
case_001,1,det_count,1,0,0.0028671377966258
case_009,1,det_count,1,0,0.0052871081411161
case_015,1,det_count,1,0,0.1065927610348675
case_018,1,det_count,1,0,0.2612967020014967
case_027,1,det_count,1,0,0.1987489582959942
case_029,1,det_count,1,0,0.0261642202964977
case_050,1,det_count,1,0,0.0719824921829782
case_051,1,det_count,1,0,0.0015300617241568
case_054,1,det_count,0,0,0.8904737389309264
case_055,1,det_count,1,0,0.0008441137970045
case_060,1,det_count,1,0,0.2905216931265757
case_069,1,det_count,0,0,0.6489187124220281
case_070,1,det_count,1,0,0.0391288009843074
case_071,1,det_count,1,0,0.2161199469852692
case_072,1,det_count,1,0,0.005388664495275
case_073,1,det_count,0,0,0.9376100676757082
case_081,1,det_count,0,0,0.5097011854889009
case_085,1,det_count,1,0,0.0016299063809374
case_089,1,det_count,1,0,0.0083423948793259
case_097,1,det_count,1,0,0.4118039702347558
case_100,1,det_count,0,0,0.987479029890007
case_103,1,det_count,0,0,0.7596819169185419
case_104,1,det_count,1,0,0.0424979025234311
case_107,1,det_count,1,0,0.0486234684310243
case_108,1,det_count,1,0,0.4266652669400392
case_112,1,det_count,0,0,0.9946131112332972
case_113,1,det_count,1,1,0.998515890333596
case_114,1,det_count,0,0,0.9659200906919716
case_121,1,det_count,1,0,0.0020674648957533
case_126,1,det_count,1,0,0.2289749414094761
case_134,1,det_count,0,1,0.0040980516230689
case_135,1,det_count,1,0,0.0180909292484989
case_137,1,det_count,1,0,0.0005930889236182
case_141,1,det_count,1,0,0.0056495339373638
case_148,1,det_count,1,0,0.0487453853723249
case_157,1,det_count,1,0,0.0070985786959271
case_158,1,det_count,1,0,0.0129068430389394
case_165,1,det_count,0,0,0.9996500257764126
case_166,1,det_count,1,0,0.0099552871257428
case_170,1,det_count,1,0,0.0018118352272694
case_187,1,det_count,0,0,0.5274989956055542
case_192,1,det_count,1,0,0.005734150858096
case_195,1,det_count,1,0,0.0013529118709927
case_207,1,det_count,0,0,0.8167086979936146
case_208,1,det_count,1,1,0.9994825577284664
case_212,1,det_count,1,0,0.0413486987621178
case_214,1,det_count,1,1,0.8009414823813679
case_224,1,det_count,1,1,0.9716878581916628
case_225,1,det_count,0,1,0.0710528151424464
case_226,1,det_count,1,1,0.9883716903344312
case_238,1,det_count,0,1,0.3032423682292754
case_242,1,det_count,1,1,0.9794124222057
case_243,1,det_count,1,1,0.7562227876246289
case_245,1,det_count,0,1,0.3839424165411491
case_256,1,det_count,1,1,0.6844206712055443
case_264,1,det_count,1,1,0.9646637719150442
case_276,1,det_count,0,1,0.001000681456745
case_279,1,det_count,1,1,0.881955629231509
case_004,2,det_count,1,0,0.0375248219613615
case_005,2,det_count,1,0,0.1882094027054902
case_007,2,det_count,1,0,0.1398870097398126
case_014,2,det_count,1,0,0.2051678696197743
case_021,2,det_count,1,0,0.001549614360079
case_022,2,det_count,1,0,0.025815187218119
case_034,2,det_count,1,0,0.2252064239395401
case_035,2,det_count,0,0,0.5041797911193877
case_046,2,det_count,1,0,0.076944728638284
case_047,2,det_count,1,0,0.026545764398776
case_058,2,det_count,1,0,0.1286726399788822
case_059,2,det_count,1,0,0.1342992498358421
case_062,2,det_count,1,0,0.0456223061387106
case_066,2,det_count,1,0,0.0191638261155149
case_077,2,det_count,1,0,0.0540086171743702
case_080,2,det_count,1,0,0.1982834520528584
case_083,2,det_count,0,0,0.7990548017634418
case_090,2,det_count,1,0,0.2179141853110086
case_091,2,det_count,1,0,0.1643095631609341
case_099,2,det_count,1,0,0.2109084223355893
case_120,2,det_count,0,1,0.053296439805103
case_122,2,det_count,1,0,0.1186638415965837
case_129,2,det_count,1,0,0.2505750352778566
case_131,2,det_count,1,0,0.2353889792566406
case_132,2,det_count,1,0,0.0633922931071938
case_140,2,det_count,1,0,0.3910002690120115
case_143,2,det_count,0,0,0.5781292412507449
case_146,2,det_count,1,0,0.0648259462118477
case_150,2,det_count,1,0,0.0133116917609035
case_155,2,det_count,1,0,0.2681792528660236
case_156,2,det_count,1,0,0.0129767320006779
case_161,2,det_count,1,0,0.0605179537288561
case_167,2,det_count,1,0,0.4461048134040889
case_172,2,det_count,1,0,0.0128577803010652
case_177,2,det_count,1,0,0.3474817900173209
case_178,2,det_count,0,0,0.5285873715444452
case_180,2,det_count,1,0,0.1254829860977375
case_184,2,det_count,1,0,0.1716895582988761
case_185,2,det_count,1,0,0.4954325345182131
case_188,2,det_count,0,0,0.8353302585377725
case_196,2,det_count,1,0,0.1748679609505861
case_204,2,det_count,1,0,0.0069703416400078
case_210,2,det_count,1,0,0.0041043858459053
case_220,2,det_count,1,1,0.7599118299012386
case_222,2,det_count,1,1,0.8837320888195643
case_240,2,det_count,1,1,0.923161485747642
case_250,2,det_count,1,1,0.7505778965295747
case_251,2,det_count,1,1,0.700085993255049
case_252,2,det_count,0,1,0.3936042249735707
case_253,2,det_count,0,1,0.4691766107977859
case_254,2,det_count,0,1,0.4433871778353098
case_258,2,det_count,1,1,0.6311257309416899
case_270,2,det_count,1,1,0.640845951731638
case_271,2,det_count,0,1,0.4920053137397935
case_275,2,det_count,0,1,0.0901568784728861
case_278,2,det_count,0,1,0.2120591566522552
case_280,2,det_count,0,1,0.4996764722921227
case_282,2,det_count,0,1,0.4977344920249873
case_010,3,det_count,1,0,0.1706109481606615
case_020,3,det_count,1,0,0.0028790207794886
case_028,3,det_count,1,0,0.0063720966182684
case_032,3,det_count,1,0,0.0570698168188806
case_033,3,det_count,0,0,0.7791317499810715
case_038,3,det_count,1,0,0.0067260971219293
case_040,3,det_count,1,0,0.0114319272815938
case_041,3,det_count,1,0,0.3580029396463886
case_045,3,det_count,1,0,0.0525250506333387
case_048,3,det_count,1,0,0.0977757780281551
case_049,3,det_count,0,0,0.8181446496320278
case_053,3,det_count,0,0,0.6993671047271245
case_057,3,det_count,1,0,0.1277039712769758
case_063,3,det_count,1,0,0.021925330149996
case_067,3,det_count,0,0,0.924690722864362
case_078,3,det_count,1,0,0.0150263895120256
case_084,3,det_count,1,0,0.2043574303393638
case_087,3,det_count,1,0,0.0329448887047245
case_093,3,det_count,1,0,0.0138002605070491
case_094,3,det_count,0,0,0.9822187667524458
case_095,3,det_count,1,0,0.3875627875689198
case_098,3,det_count,1,0,0.0027191780410162
case_102,3,det_count,0,0,0.8299526837870321
case_115,3,det_count,0,0,0.5843091214129705
case_119,3,det_count,1,0,0.1338594323544186
case_123,3,det_count,1,0,0.2823386359880091
case_136,3,det_count,1,0,0.3487173343681085
case_144,3,det_count,1,0,0.2208268909496329
case_149,3,det_count,0,0,0.8767523162103558
case_159,3,det_count,1,0,0.0546503770460217
case_160,3,det_count,1,0,0.4422986493601045
case_164,3,det_count,1,0,0.0002335148908786
case_179,3,det_count,1,0,0.2295472969632367
case_186,3,det_count,1,0,0.0800007349345256
case_200,3,det_count,1,0,0.103451545456798
case_201,3,det_count,1,0,0.1504260436599329
case_202,3,det_count,0,0,0.6617970418724488
case_203,3,det_count,1,0,0.1678187926958947
case_205,3,det_count,1,0,0.084815384557017
case_211,3,det_count,1,0,0.4105397914161059
case_217,3,det_count,1,1,0.9866666746713176
case_221,3,det_count,0,0,0.7290025852082574
case_229,3,det_count,1,1,0.8777507949784802
case_230,3,det_count,1,1,0.9523356803386354
case_234,3,det_count,1,1,0.9587432251666784
case_237,3,det_count,0,1,0.3218057289122258
case_239,3,det_count,1,1,0.6676644600370469
case_244,3,det_count,1,1,0.8734261154855886
case_249,3,det_count,1,1,0.8335719363744613
case_259,3,det_count,1,1,0.8239791475954286
case_260,3,det_count,0,1,0.4545800790027601
case_261,3,det_count,1,1,0.8655574094698953
case_262,3,det_count,1,1,0.9550980289326084
case_266,3,det_count,0,0,0.5316925487145864
case_272,3,det_count,1,1,0.9782945267097616
case_281,3,det_count,1,1,0.7165647273594284
case_286,3,det_count,1,1,0.7011677315012749
case_003,4,det_count,1,0,0.0013397524631523
case_011,4,det_count,1,0,0.2181458563154755
case_013,4,det_count,0,0,0.5865791616710126
case_017,4,det_count,1,0,0.0321873672839525
case_023,4,det_count,1,0,0.035534152352198
case_025,4,det_count,0,0,0.6353993701736939
case_026,4,det_count,1,0,0.1603104092393081
case_031,4,det_count,0,0,0.635938763743264
case_036,4,det_count,0,0,0.53326111632133
case_042,4,det_count,1,0,0.1246158707351735
case_044,4,det_count,0,0,0.52694322914367
case_064,4,det_count,1,0,0.0544493235678339
case_074,4,det_count,1,0,0.0153320024873263
case_076,4,det_count,1,0,0.0256829809159272
case_086,4,det_count,1,0,0.3408697591960478
case_088,4,det_count,1,0,0.137786751975361
case_092,4,det_count,1,0,0.0133254487384604
case_096,4,det_count,0,0,0.9455381181148078
case_101,4,det_count,1,0,0.0005164400492267
case_106,4,det_count,1,0,0.1508850491612061
case_111,4,det_count,1,0,0.1392978606904757
case_116,4,det_count,1,0,0.0220021167786257
case_118,4,det_count,0,0,0.6632295239387552
case_124,4,det_count,1,0,0.0301586611872237
case_128,4,det_count,1,0,0.3358768402839307
case_130,4,det_count,1,0,0.0018130566887165
case_133,4,det_count,1,0,0.1002441680074094
case_138,4,det_count,1,0,0.0495549194741309
case_139,4,det_count,1,0,0.0221582174064918
case_145,4,det_count,1,0,0.0281834627479506
case_147,4,det_count,1,0,0.3570533492490226
case_151,4,det_count,1,0,0.3272368668040568
case_153,4,det_count,0,0,0.597221019815523
case_169,4,det_count,1,0,0.0133307522672553
case_171,4,det_count,1,0,0.1212678515082595
case_174,4,det_count,0,0,0.6248407514103538
case_189,4,det_count,1,0,0.2537995972394848
case_191,4,det_count,1,0,0.0619441893746445
case_193,4,det_count,0,0,0.6910691184489194
case_197,4,det_count,0,0,0.5392300970145516
case_198,4,det_count,1,0,0.0166270652333704
case_199,4,det_count,1,0,0.1060099155691067
case_215,4,det_count,1,1,0.8438903955876315
case_216,4,det_count,1,1,0.8927050354221866
case_218,4,det_count,0,1,0.0784614972207686
case_219,4,det_count,1,1,0.8707862862643462
case_223,4,det_count,1,1,0.8026977269313815
case_232,4,det_count,1,1,0.9996275723255816
case_235,4,det_count,0,1,0.3888842239543829
case_236,4,det_count,1,1,0.969525620139982
case_248,4,det_count,1,1,0.808717327477437
case_257,4,det_count,1,1,0.9925986239063432
case_263,4,det_count,1,1,0.7639000717194795
case_274,4,det_count,1,1,0.961209522118523
case_277,4,det_count,1,1,0.5252395323892224
case_283,4,det_count,1,1,0.916253316029337
case_284,4,det_count,0,1,0.1877226567215608
case_002,5,det_count,0,0,0.9566938365676116
case_006,5,det_count,0,0,0.89159173240401
case_008,5,det_count,1,0,0.1955121928667414
case_012,5,det_count,1,0,0.0882872737402734
case_016,5,det_count,1,0,0.2398425457485691
case_019,5,det_count,1,0,0.0443428170000962
case_024,5,det_count,1,0,0.0069573456571869
case_030,5,det_count,1,0,0.3966180694792314
case_037,5,det_count,1,0,0.1097084852559371
case_039,5,det_count,1,0,0.1688741110627166
case_043,5,det_count,1,0,0.1696391322585271
case_052,5,det_count,1,0,0.0653961504002255
case_056,5,det_count,1,0,0.0755177430465992
case_061,5,det_count,0,0,0.5595739862738834
case_065,5,det_count,0,0,0.6894248147364267
case_068,5,det_count,1,0,0.128811798885976
case_075,5,det_count,0,0,0.7266368708330433
case_079,5,det_count,1,0,0.167578164482584
case_082,5,det_count,1,0,0.0707173940474492
case_105,5,det_count,1,0,0.2009291551241857
case_109,5,det_count,1,0,0.2961233277660551
case_110,5,det_count,0,0,0.5679990957031191
case_117,5,det_count,1,0,0.4371601108510419
case_125,5,det_count,0,0,0.6562774102606859
case_127,5,det_count,1,0,0.0271224218193618
case_142,5,det_count,1,0,0.3932131669291017
case_152,5,det_count,1,0,0.0380282109699456
case_154,5,det_count,1,0,0.0140458958886174
case_162,5,det_count,1,0,0.0966183626915504
case_163,5,det_count,1,0,0.3383431967412285
case_168,5,det_count,1,0,0.1598239014782505
case_173,5,det_count,0,0,0.6621587177693166
case_175,5,det_count,0,0,0.5363893704408582
case_176,5,det_count,1,0,0.4936540270185505
case_181,5,det_count,0,0,0.7551783217747495
case_182,5,det_count,1,0,0.0227407748563801
case_183,5,det_count,1,0,0.4210802517559084
case_190,5,det_count,0,0,0.6935885332399465
case_194,5,det_count,1,0,0.0951630431075449
case_206,5,det_count,0,0,0.7002766744304303
case_209,5,det_count,1,0,0.4736434386507731
case_213,5,det_count,0,1,0.2463586948567592
case_227,5,det_count,0,0,0.8815191344548324
case_228,5,det_count,1,1,0.5691674908072478
case_231,5,det_count,1,1,0.8035662486051987
case_233,5,det_count,1,1,0.8468813903722532
case_241,5,det_count,1,1,0.8433053851310639
case_246,5,det_count,1,1,0.6357717612599981
case_247,5,det_count,1,1,0.9401119513897884
case_255,5,det_count,1,1,0.8876600018766799
case_265,5,det_count,1,1,0.6483032151357286
case_267,5,det_count,1,1,0.8762329949723724
case_268,5,det_count,1,1,0.9002969465644524
case_269,5,det_count,0,1,0.3231090328224943
case_273,5,det_count,1,1,0.8677114946654091
case_285,5,det_count,0,1,0.4642289480832804
case_287,5,det_count,1,1,0.9151168247597846
case_001,1,det_count_sp,1,0,0.0159699066850537
case_009,1,det_count_sp,1,0,0.0003861502347999
case_015,1,det_count_sp,1,0,0.0069379433908768
case_018,1,det_count_sp,1,0,0.1927550762307042
case_027,1,det_count_sp,1,0,0.4947228475598675
case_029,1,det_count_sp,1,0,0.0080129257932881
case_050,1,det_count_sp,1,0,0.0081128264047007
case_051,1,det_count_sp,1,0,0.0080312536309875
case_054,1,det_count_sp,0,0,0.834325692852381
case_055,1,det_count_sp,1,0,0.0012588884136432
case_060,1,det_count_sp,1,0,0.1512260227177093
case_069,1,det_count_sp,0,0,0.7084202356748055
case_070,1,det_count_sp,1,0,0.0032132680910975
case_071,1,det_count_sp,1,0,0.0069180253671404
case_072,1,det_count_sp,1,0,0.0102624384628444
case_073,1,det_count_sp,0,0,0.941180562925078
case_081,1,det_count_sp,0,0,0.6411467208842481
case_085,1,det_count_sp,1,0,0.0011464540106803
case_089,1,det_count_sp,1,0,0.0255272464001711
case_097,1,det_count_sp,1,0,0.3453131848306647
case_100,1,det_count_sp,0,0,0.9977503730765724
case_103,1,det_count_sp,0,0,0.6305778748552215
case_104,1,det_count_sp,1,0,0.1886164802555305
case_107,1,det_count_sp,1,0,0.0268526393626917
case_108,1,det_count_sp,1,0,0.4497884255705537
case_112,1,det_count_sp,0,0,0.9879130478673273
case_113,1,det_count_sp,1,1,0.9988769840845196
case_114,1,det_count_sp,0,0,0.598432556244442
case_121,1,det_count_sp,1,0,0.005973722683263
case_126,1,det_count_sp,1,0,0.3093348605990105
case_134,1,det_count_sp,0,1,0.0654427651981917
case_135,1,det_count_sp,1,0,0.0016250171071924
case_137,1,det_count_sp,1,0,0.0016463042029072
case_141,1,det_count_sp,1,0,0.0036415513095078
case_148,1,det_count_sp,1,0,0.0346424554590609
case_157,1,det_count_sp,1,0,0.3713264834518062
case_158,1,det_count_sp,1,0,0.0054179975755367
case_165,1,det_count_sp,0,0,0.9995399250529096
case_166,1,det_count_sp,1,0,0.0008025288238997
case_170,1,det_count_sp,1,0,0.0050019052773752
case_187,1,det_count_sp,0,0,0.969210120233122
case_192,1,det_count_sp,1,0,0.0006237026290552
case_195,1,det_count_sp,1,0,0.002487049555448
case_207,1,det_count_sp,1,0,0.3370068812466881
case_208,1,det_count_sp,1,1,0.9989185527890349
case_212,1,det_count_sp,1,0,0.003614715534522
case_214,1,det_count_sp,1,1,0.8123679639296805
case_224,1,det_count_sp,1,1,0.9992710227179448
case_225,1,det_count_sp,0,1,0.0054640638086426
case_226,1,det_count_sp,1,1,0.7483190316831053
case_238,1,det_count_sp,0,1,0.115033347319464
case_242,1,det_count_sp,1,1,0.9692167031151254
case_243,1,det_count_sp,1,1,0.7470677894970184
case_245,1,det_count_sp,1,1,0.7465471038853609
case_256,1,det_count_sp,1,1,0.9264439931039662
case_264,1,det_count_sp,1,1,0.9921700748809228
case_276,1,det_count_sp,0,1,0.0007925327596473
case_279,1,det_count_sp,1,1,0.9831026374252366
case_004,2,det_count_sp,1,0,0.0897514411306436
case_005,2,det_count_sp,1,0,0.1185794638798624
case_007,2,det_count_sp,1,0,0.1285454670317519
case_014,2,det_count_sp,1,0,0.1388630581368531
case_021,2,det_count_sp,1,0,0.0250833167193663
case_022,2,det_count_sp,1,0,0.0753659427181777
case_034,2,det_count_sp,1,0,0.2997996851471255
case_035,2,det_count_sp,1,0,0.1886953238101364
case_046,2,det_count_sp,1,0,0.2023302226314861
case_047,2,det_count_sp,1,0,0.1161481240256171
case_058,2,det_count_sp,1,0,0.1001505201032318
case_059,2,det_count_sp,1,0,0.0715532198034938
case_062,2,det_count_sp,1,0,0.1575175673304271
case_066,2,det_count_sp,1,0,0.0409697441400941
case_077,2,det_count_sp,1,0,0.1206712144052447
case_080,2,det_count_sp,1,0,0.0496356577948278
case_083,2,det_count_sp,0,0,0.5489395345550803
case_090,2,det_count_sp,1,0,0.1445794209426805
case_091,2,det_count_sp,1,0,0.1308217076674345
case_099,2,det_count_sp,1,0,0.1263559747644109
case_120,2,det_count_sp,0,1,0.0242403939460106
case_122,2,det_count_sp,1,0,0.1467978789933545
case_129,2,det_count_sp,1,0,0.1548186049454629
case_131,2,det_count_sp,1,0,0.1791586241541757
case_132,2,det_count_sp,1,0,0.0509833792369829
case_140,2,det_count_sp,1,0,0.2891675259053774
case_143,2,det_count_sp,1,0,0.2527047929368748
case_146,2,det_count_sp,1,0,0.090960614698259
case_150,2,det_count_sp,1,0,0.0925205138592769
case_155,2,det_count_sp,1,0,0.1022824200287761
case_156,2,det_count_sp,1,0,0.0217177037920054
case_161,2,det_count_sp,1,0,0.1038284219901191
case_167,2,det_count_sp,1,0,0.295415113066851
case_172,2,det_count_sp,1,0,0.1048764629752471
case_177,2,det_count_sp,1,0,0.2247030091603888
case_178,2,det_count_sp,1,0,0.3767844874140864
case_180,2,det_count_sp,1,0,0.1149275713892804
case_184,2,det_count_sp,1,0,0.0928765086076922
case_185,2,det_count_sp,1,0,0.4972659195761987
case_188,2,det_count_sp,0,0,0.6084288294044173
case_196,2,det_count_sp,1,0,0.1049106892206522
case_204,2,det_count_sp,1,0,0.0487321372045257
case_210,2,det_count_sp,1,0,0.032397460633149
case_220,2,det_count_sp,1,1,0.6601414856343225
case_222,2,det_count_sp,0,1,0.3775719953366059
case_240,2,det_count_sp,1,1,0.6514258229971163
case_250,2,det_count_sp,1,1,0.5839346797483637
case_251,2,det_count_sp,0,1,0.4103973851673961
case_252,2,det_count_sp,0,1,0.1174385045686903
case_253,2,det_count_sp,0,1,0.239758238034687
case_254,2,det_count_sp,0,1,0.0650562349306258
case_258,2,det_count_sp,0,1,0.2878155005041545
case_270,2,det_count_sp,0,1,0.3288029654120978
case_271,2,det_count_sp,0,1,0.1890664792423629
case_275,2,det_count_sp,0,1,0.1305103620394576
case_278,2,det_count_sp,0,1,0.2544193078591366
case_280,2,det_count_sp,0,1,0.2268679509516936
case_282,2,det_count_sp,0,1,0.2601660384867612
case_010,3,det_count_sp,1,0,0.2434863644841893
case_020,3,det_count_sp,1,0,0.012484542038837
case_028,3,det_count_sp,1,0,0.0583198309105487
case_032,3,det_count_sp,1,0,0.0168356581445181
case_033,3,det_count_sp,1,0,0.0767311028795905
case_038,3,det_count_sp,1,0,0.0319819851731423
case_040,3,det_count_sp,1,0,0.0480210881930501
case_041,3,det_count_sp,1,0,0.1022229254015669
case_045,3,det_count_sp,1,0,0.0905059004440452
case_048,3,det_count_sp,1,0,0.1996660000092212
case_049,3,det_count_sp,0,0,0.5039051014159671
case_053,3,det_count_sp,0,0,0.7767556137472363
case_057,3,det_count_sp,1,0,0.2164130897032466
case_063,3,det_count_sp,1,0,0.0434535070742613
case_067,3,det_count_sp,1,0,0.4212419708502826
case_078,3,det_count_sp,1,0,0.0878813830164416
case_084,3,det_count_sp,1,0,0.0404200157788553
case_087,3,det_count_sp,1,0,0.0342808078852477
case_093,3,det_count_sp,1,0,0.0168149573379686
case_094,3,det_count_sp,0,0,0.8532657212670713
case_095,3,det_count_sp,1,0,0.0647177381410819
case_098,3,det_count_sp,1,0,0.015312535136475
case_102,3,det_count_sp,0,0,0.6936338784003487
case_115,3,det_count_sp,1,0,0.3137774989832694
case_119,3,det_count_sp,1,0,0.0328267559691392
case_123,3,det_count_sp,1,0,0.1358857126222823
case_136,3,det_count_sp,0,0,0.5363893434678165
case_144,3,det_count_sp,1,0,0.0998156812235195
case_149,3,det_count_sp,1,0,0.4042841885301075
case_159,3,det_count_sp,1,0,0.0462751555065916
case_160,3,det_count_sp,1,0,0.1177738643265641
case_164,3,det_count_sp,1,0,0.0016367731070273
case_179,3,det_count_sp,1,0,0.0317266082376871
case_186,3,det_count_sp,1,0,0.1550862689586295
case_200,3,det_count_sp,1,0,0.0496602996052604
case_201,3,det_count_sp,1,0,0.0292381782443017
case_202,3,det_count_sp,1,0,0.4377195232066351
case_203,3,det_count_sp,1,0,0.0306941746029782
case_205,3,det_count_sp,1,0,0.0359487350547097
case_211,3,det_count_sp,1,0,0.0660610222748203
case_217,3,det_count_sp,1,1,0.9062210251199264
case_221,3,det_count_sp,0,0,0.5735658429357359
case_229,3,det_count_sp,1,1,0.5475318301227693
case_230,3,det_count_sp,1,1,0.5660672288663082
case_234,3,det_count_sp,1,1,0.8003619149328809
case_237,3,det_count_sp,0,1,0.2622611316434544
case_239,3,det_count_sp,0,1,0.4016725441996145
case_244,3,det_count_sp,1,1,0.5994117184780041
case_249,3,det_count_sp,1,1,0.7301342097786413
case_259,3,det_count_sp,1,1,0.5388387235475883
case_260,3,det_count_sp,0,1,0.2527844559900503
case_261,3,det_count_sp,1,1,0.555139477009451
case_262,3,det_count_sp,1,1,0.8576023304974378
case_266,3,det_count_sp,1,0,0.3180136201551182
case_272,3,det_count_sp,1,1,0.6963678344767328
case_281,3,det_count_sp,1,1,0.6893128432183661
case_286,3,det_count_sp,1,1,0.7015595914691947
case_003,4,det_count_sp,1,0,0.0047740223671999
case_011,4,det_count_sp,1,0,0.1115060598925506
case_013,4,det_count_sp,0,0,0.6374739102517764
case_017,4,det_count_sp,1,0,0.0205260435630979
case_023,4,det_count_sp,1,0,0.0229811437256558
case_025,4,det_count_sp,0,0,0.7923459087190702
case_026,4,det_count_sp,1,0,0.3065109243259498
case_031,4,det_count_sp,1,0,0.3963716095524309
case_036,4,det_count_sp,0,0,0.6179098688899892
case_042,4,det_count_sp,1,0,0.1264071451467836
case_044,4,det_count_sp,0,0,0.6397239552216404
case_064,4,det_count_sp,1,0,0.0259614354638724
case_074,4,det_count_sp,1,0,0.0096643132565719
case_076,4,det_count_sp,1,0,0.0187720055971116
case_086,4,det_count_sp,1,0,0.0993172889524484
case_088,4,det_count_sp,1,0,0.0537224373620175
case_092,4,det_count_sp,1,0,0.050566899828676
case_096,4,det_count_sp,0,0,0.8867878121765895
case_101,4,det_count_sp,1,0,0.0075038248675495
case_106,4,det_count_sp,1,0,0.1713555640437098
case_111,4,det_count_sp,1,0,0.1744029404053397
case_116,4,det_count_sp,1,0,0.0492895527923193
case_118,4,det_count_sp,0,0,0.7251948005329525
case_124,4,det_count_sp,1,0,0.0771222456872624
case_128,4,det_count_sp,1,0,0.1272806157252297
case_130,4,det_count_sp,1,0,0.0362041935646449
case_133,4,det_count_sp,1,0,0.3705072516578533
case_138,4,det_count_sp,1,0,0.0879529661891004
case_139,4,det_count_sp,1,0,0.0452734126734966
case_145,4,det_count_sp,1,0,0.1905619065227957
case_147,4,det_count_sp,1,0,0.106948357746563
case_151,4,det_count_sp,1,0,0.1368104714405729
case_153,4,det_count_sp,1,0,0.3068195478083826
case_169,4,det_count_sp,1,0,0.0501093479829952
case_171,4,det_count_sp,1,0,0.1617920453585356
case_174,4,det_count_sp,0,0,0.5010492338902285
case_189,4,det_count_sp,1,0,0.4829785539249028
case_191,4,det_count_sp,1,0,0.0681614523230276
case_193,4,det_count_sp,0,0,0.6310590297331174
case_197,4,det_count_sp,1,0,0.4923414219599658
case_198,4,det_count_sp,1,0,0.0304089397463988
case_199,4,det_count_sp,1,0,0.084081552633751
case_215,4,det_count_sp,1,1,0.8788982674245392
case_216,4,det_count_sp,1,1,0.9147592625168184
case_218,4,det_count_sp,0,1,0.2918274962995286
case_219,4,det_count_sp,1,1,0.796096071294865
case_223,4,det_count_sp,1,1,0.64895440892139
case_232,4,det_count_sp,1,1,0.9090499261196978
case_235,4,det_count_sp,0,1,0.1543670084589395
case_236,4,det_count_sp,1,1,0.9006380255891255
case_248,4,det_count_sp,1,1,0.558404439475362
case_257,4,det_count_sp,1,1,0.9214091773604544
case_263,4,det_count_sp,1,1,0.7914391371256371
case_274,4,det_count_sp,1,1,0.8348602672034434
case_277,4,det_count_sp,1,1,0.8448735933707018
case_283,4,det_count_sp,1,1,0.7255533626557474
case_284,4,det_count_sp,0,1,0.4924202547703566
case_002,5,det_count_sp,0,0,0.7312786351083667
case_006,5,det_count_sp,0,0,0.6052635389865133
case_008,5,det_count_sp,1,0,0.2717944243436211
case_012,5,det_count_sp,1,0,0.0536956630029179
case_016,5,det_count_sp,1,0,0.3774031982273433
case_019,5,det_count_sp,1,0,0.0923708234589876
case_024,5,det_count_sp,1,0,0.010561099804462
case_030,5,det_count_sp,1,0,0.1078370377143177
case_037,5,det_count_sp,1,0,0.3690157534321097
case_039,5,det_count_sp,1,0,0.2112646485673749
case_043,5,det_count_sp,1,0,0.1992103701252634
case_052,5,det_count_sp,1,0,0.052464245773702
case_056,5,det_count_sp,1,0,0.055078599233424
case_061,5,det_count_sp,0,0,0.5059750256292026
case_065,5,det_count_sp,0,0,0.8510211755866288
case_068,5,det_count_sp,1,0,0.4112168194805705
case_075,5,det_count_sp,0,0,0.9259880175403034
case_079,5,det_count_sp,1,0,0.2762999509691095
case_082,5,det_count_sp,1,0,0.1097236371393608
case_105,5,det_count_sp,1,0,0.1779545429517046
case_109,5,det_count_sp,0,0,0.508000798514298
case_110,5,det_count_sp,0,0,0.7927646922491306
case_117,5,det_count_sp,0,0,0.5485832083906791
case_125,5,det_count_sp,0,0,0.542587449509019
case_127,5,det_count_sp,1,0,0.025735580074888
case_142,5,det_count_sp,1,0,0.4999926829227044
case_152,5,det_count_sp,1,0,0.1460651819774806
case_154,5,det_count_sp,1,0,0.0139737352776279
case_162,5,det_count_sp,1,0,0.0091651882871912
case_163,5,det_count_sp,1,0,0.2723235337726635
case_168,5,det_count_sp,1,0,0.1998408314172192
case_173,5,det_count_sp,1,0,0.4907847131811451
case_175,5,det_count_sp,0,0,0.7961109861634769
case_176,5,det_count_sp,0,0,0.9208968277050876
case_181,5,det_count_sp,0,0,0.5367577958031435
case_182,5,det_count_sp,1,0,0.0518387183366815
case_183,5,det_count_sp,0,0,0.6566503547299896
case_190,5,det_count_sp,0,0,0.6477215620530825
case_194,5,det_count_sp,1,0,0.3698498700161242
case_206,5,det_count_sp,0,0,0.664270079256132
case_209,5,det_count_sp,0,0,0.6414176889437135
case_213,5,det_count_sp,0,1,0.2801674711830177
case_227,5,det_count_sp,0,0,0.8423308818156612
case_228,5,det_count_sp,1,1,0.5782265548166726
case_231,5,det_count_sp,1,1,0.7732707882311901
case_233,5,det_count_sp,1,1,0.9802375006856292
case_241,5,det_count_sp,1,1,0.747855538332061
case_246,5,det_count_sp,0,1,0.3051523145349448
case_247,5,det_count_sp,1,1,0.989230405052604
case_255,5,det_count_sp,1,1,0.7511191839770085
case_265,5,det_count_sp,1,1,0.5932753292319966
case_267,5,det_count_sp,1,1,0.8371894666758243
case_268,5,det_count_sp,1,1,0.8527972470671318
case_269,5,det_count_sp,1,1,0.7365886833255432
case_273,5,det_count_sp,1,1,0.9109970535688352
case_285,5,det_count_sp,1,1,0.7745515742683292
case_287,5,det_count_sp,1,1,0.8680984399118646
case_001,1,det_fusion,1,0,0.1985632059012578
case_009,1,det_fusion,1,0,0.233481823065843
case_015,1,det_fusion,1,0,0.2151734464144217
case_018,1,det_fusion,1,0,0.3683439853658301
case_027,1,det_fusion,1,0,0.3145005167456534
case_029,1,det_fusion,1,0,0.2263847522552587
case_050,1,det_fusion,1,0,0.264642918693189
case_051,1,det_fusion,1,0,0.2078737370979639
case_054,1,det_fusion,0,0,0.7148403304926086
case_055,1,det_fusion,1,0,0.198237206921009
case_060,1,det_fusion,1,0,0.2979023217639409
case_069,1,det_fusion,0,0,0.5647253514750674
case_070,1,det_fusion,1,0,0.2240567608456236
case_071,1,det_fusion,1,0,0.3049564073228958
case_072,1,det_fusion,1,0,0.2316338356789578
case_073,1,det_fusion,0,0,0.7173230239501588
case_081,1,det_fusion,1,0,0.4599333371044205
case_085,1,det_fusion,1,0,0.2082199243132103
case_089,1,det_fusion,1,0,0.24847779157304
case_097,1,det_fusion,1,0,0.4461261081184765
case_100,1,det_fusion,0,0,0.722724466917965
case_103,1,det_fusion,0,0,0.619309085948361
case_104,1,det_fusion,1,0,0.2556100633794829
case_107,1,det_fusion,1,0,0.2238222191493653
case_108,1,det_fusion,1,0,0.4548596245989411
case_112,1,det_fusion,0,0,0.7404832841036635
case_113,1,det_fusion,1,1,0.7151698402034955
case_114,1,det_fusion,0,0,0.6770516038024068
case_121,1,det_fusion,1,0,0.1967076154091498
case_126,1,det_fusion,1,0,0.3283128157441057
case_134,1,det_fusion,0,1,0.2343271046060138
case_135,1,det_fusion,1,0,0.2066417463911409
case_137,1,det_fusion,1,0,0.1828126424842699
case_141,1,det_fusion,1,0,0.2074794605721976
case_148,1,det_fusion,1,0,0.1982796746312003
case_157,1,det_fusion,1,0,0.2052886601708701
case_158,1,det_fusion,1,0,0.2245842782718653
case_165,1,det_fusion,0,0,0.740709078516258
case_166,1,det_fusion,1,0,0.1820964217916312
case_170,1,det_fusion,1,0,0.1997435555149409
case_187,1,det_fusion,0,0,0.5018299993591736
case_192,1,det_fusion,1,0,0.1684810247279067
case_195,1,det_fusion,1,0,0.2477202145662489
case_207,1,det_fusion,0,0,0.6582017611061823
case_208,1,det_fusion,1,1,0.7344843077433989
case_212,1,det_fusion,1,0,0.2231780603662427
case_214,1,det_fusion,1,1,0.5896428600928904
case_224,1,det_fusion,1,1,0.7247980261283784
case_225,1,det_fusion,0,1,0.2335166760400799
case_226,1,det_fusion,1,1,0.7249065738030036
case_238,1,det_fusion,0,1,0.3930452976266769
case_242,1,det_fusion,1,1,0.7514772790798017
case_243,1,det_fusion,1,1,0.6008535341054357
case_245,1,det_fusion,0,1,0.4517299638352642
case_256,1,det_fusion,1,1,0.5900741647386669
case_264,1,det_fusion,1,1,0.7158572515485713
case_276,1,det_fusion,0,1,0.2396743192954959
case_279,1,det_fusion,1,1,0.6778787104497237
case_004,2,det_fusion,1,0,0.2974291009726317
case_005,2,det_fusion,1,0,0.2946424723393022
case_007,2,det_fusion,1,0,0.2901931875347775
case_014,2,det_fusion,1,0,0.3125268419048426
case_021,2,det_fusion,1,0,0.1718922321449443
case_022,2,det_fusion,1,0,0.2569425395738727
case_034,2,det_fusion,1,0,0.2905466204589974
case_035,2,det_fusion,1,0,0.4494382220043197
case_046,2,det_fusion,1,0,0.2148866752513014
case_047,2,det_fusion,1,0,0.2136255807639173
case_058,2,det_fusion,1,0,0.2886400423710329
case_059,2,det_fusion,1,0,0.3186449862460461
case_062,2,det_fusion,1,0,0.2864541943224452
case_066,2,det_fusion,1,0,0.1857106283344756
case_077,2,det_fusion,1,0,0.2233182560263789
case_080,2,det_fusion,1,0,0.3027200491522684
case_083,2,det_fusion,0,0,0.5971090795106424
case_090,2,det_fusion,1,0,0.2355410562880879
case_091,2,det_fusion,1,0,0.3110260972981642
case_099,2,det_fusion,1,0,0.3466458963675323
case_120,2,det_fusion,0,1,0.2648466790509585
case_122,2,det_fusion,1,0,0.3049225777940652
case_129,2,det_fusion,1,0,0.3299569335897034
case_131,2,det_fusion,1,0,0.3105409070553833
case_132,2,det_fusion,1,0,0.1913364289460988
case_140,2,det_fusion,1,0,0.4224184742353148
case_143,2,det_fusion,0,0,0.5444653825873095
case_146,2,det_fusion,1,0,0.1849767834544347
case_150,2,det_fusion,1,0,0.2101163008212476
case_155,2,det_fusion,1,0,0.3173844889417856
case_156,2,det_fusion,1,0,0.1870988737270082
case_161,2,det_fusion,1,0,0.2467550868268915
case_167,2,det_fusion,1,0,0.494120487961772
case_172,2,det_fusion,1,0,0.2109950410542344
case_177,2,det_fusion,1,0,0.4444680526014339
case_178,2,det_fusion,1,0,0.4859432431242887
case_180,2,det_fusion,1,0,0.2733434785034281
case_184,2,det_fusion,1,0,0.2612222076810848
case_185,2,det_fusion,1,0,0.4474170698237275
case_188,2,det_fusion,0,0,0.692372580731632
case_196,2,det_fusion,1,0,0.3074730799301728
case_204,2,det_fusion,1,0,0.2137254752900662
case_210,2,det_fusion,1,0,0.2434877207244663
case_220,2,det_fusion,1,1,0.6304289374115568
case_222,2,det_fusion,1,1,0.7606036555843656
case_240,2,det_fusion,1,1,0.7586356296917532
case_250,2,det_fusion,1,1,0.6003250925213792
case_251,2,det_fusion,1,1,0.5446493902031929
case_252,2,det_fusion,0,1,0.4076598912743983
case_253,2,det_fusion,0,1,0.4518489641398903
case_254,2,det_fusion,0,1,0.4583700434617223
case_258,2,det_fusion,1,1,0.5185429367770735
case_270,2,det_fusion,1,1,0.548741428700902
case_271,2,det_fusion,0,1,0.4661244875717247
case_275,2,det_fusion,0,1,0.2219041414268421
case_278,2,det_fusion,0,1,0.3407212876061416
case_280,2,det_fusion,0,1,0.4332358570624279
case_282,2,det_fusion,0,1,0.3937037612007108
case_010,3,det_fusion,1,0,0.1676308431999749
case_020,3,det_fusion,1,0,0.0132616744484297
case_028,3,det_fusion,1,0,0.2723363799255359
case_032,3,det_fusion,1,0,0.0288904501155256
case_033,3,det_fusion,0,0,0.6938556182947884
case_038,3,det_fusion,1,0,0.0052384193018552
case_040,3,det_fusion,1,0,0.1863931689649698
case_041,3,det_fusion,1,0,0.3660393848145731
case_045,3,det_fusion,1,0,0.1927903628315467
case_048,3,det_fusion,1,0,0.0944170161350492
case_049,3,det_fusion,1,0,0.4604718537962691
case_053,3,det_fusion,1,0,0.4567824893981691
case_057,3,det_fusion,1,0,0.3873958322456962
case_063,3,det_fusion,1,0,0.0281907021939098
case_067,3,det_fusion,0,0,0.9595624992643756
case_078,3,det_fusion,1,0,0.0238389069599922
case_084,3,det_fusion,0,0,0.5980569096284646
case_087,3,det_fusion,1,0,0.0577470813362337
case_093,3,det_fusion,1,0,0.0116521701628873
case_094,3,det_fusion,0,0,0.8489890667515815
case_095,3,det_fusion,1,0,0.2817980528058375
case_098,3,det_fusion,1,0,0.0138296853702244
case_102,3,det_fusion,0,0,0.5550997986100537
case_115,3,det_fusion,1,0,0.3306696814511904
case_119,3,det_fusion,1,0,0.237797308273538
case_123,3,det_fusion,1,0,0.1627713525627911
case_136,3,det_fusion,1,0,0.2158186150085324
case_144,3,det_fusion,1,0,0.1140509381315242
case_149,3,det_fusion,0,0,0.6808405812848044
case_159,3,det_fusion,1,0,0.0306716018969579
case_160,3,det_fusion,1,0,0.3898465924508194
case_164,3,det_fusion,1,0,0.0042907813120927
case_179,3,det_fusion,1,0,0.4496258224060645
case_186,3,det_fusion,1,0,0.4630192998097922
case_200,3,det_fusion,1,0,0.061547664513067
case_201,3,det_fusion,1,0,0.3238397308143415
case_202,3,det_fusion,1,0,0.4106380319492554
case_203,3,det_fusion,1,0,0.1231952349519207
case_205,3,det_fusion,1,0,0.0431060500990194
case_211,3,det_fusion,0,0,0.6649827773029493
case_217,3,det_fusion,1,1,0.9862471548568436
case_221,3,det_fusion,0,0,0.6037657212196988
case_229,3,det_fusion,1,1,0.9373421971069852
case_230,3,det_fusion,1,1,0.6187542800172638
case_234,3,det_fusion,0,1,0.4932958536493181
case_237,3,det_fusion,1,1,0.6016720786392051
case_239,3,det_fusion,1,1,0.8265314237867267
case_244,3,det_fusion,1,1,0.918457587422212
case_249,3,det_fusion,1,1,0.8980169647363602
case_259,3,det_fusion,1,1,0.7926479395837899
case_260,3,det_fusion,0,1,0.3454159550287238
case_261,3,det_fusion,1,1,0.6737494355165029
case_262,3,det_fusion,1,1,0.8192125389747804
case_266,3,det_fusion,1,0,0.4254732947163324
case_272,3,det_fusion,1,1,0.9611325718083216
case_281,3,det_fusion,1,1,0.5723392727640343
case_286,3,det_fusion,1,1,0.7470566923507123
case_003,4,det_fusion,1,0,0.0567993914026272
case_011,4,det_fusion,1,0,0.457697068181923
case_013,4,det_fusion,0,0,0.6200603931085319
case_017,4,det_fusion,1,0,0.0670893017469109
case_023,4,det_fusion,1,0,0.0678091987785618
case_025,4,det_fusion,0,0,0.5926559561392075
case_026,4,det_fusion,1,0,0.1523803580658516
case_031,4,det_fusion,1,0,0.4396107197431835
case_036,4,det_fusion,0,0,0.5741491893805288
case_042,4,det_fusion,1,0,0.1379158014163997
case_044,4,det_fusion,0,0,0.5852132849419369
case_064,4,det_fusion,1,0,0.1459573525950742
case_074,4,det_fusion,1,0,0.0805574750138047
case_076,4,det_fusion,1,0,0.0814341580376145
case_086,4,det_fusion,1,0,0.4473232799142623
case_088,4,det_fusion,1,0,0.1411034494587498
case_092,4,det_fusion,1,0,0.0813973823720836
case_096,4,det_fusion,0,0,0.8073983861161961
case_101,4,det_fusion,1,0,0.0322616525368968
case_106,4,det_fusion,1,0,0.3476766962095551
case_111,4,det_fusion,1,0,0.1099360375744706
case_116,4,det_fusion,1,0,0.0955838342205352
case_118,4,det_fusion,0,0,0.5096841150730154
case_124,4,det_fusion,1,0,0.1298469416203758
case_128,4,det_fusion,1,0,0.2605430572879614
case_130,4,det_fusion,1,0,0.1104081584121836
case_133,4,det_fusion,1,0,0.1557897943079649
case_138,4,det_fusion,1,0,0.4156511973702936
case_139,4,det_fusion,1,0,0.0418192803741596
case_145,4,det_fusion,1,0,0.1121579421207406
case_147,4,det_fusion,1,0,0.3139475036822048
case_151,4,det_fusion,1,0,0.3437187551717428
case_153,4,det_fusion,1,0,0.3916580393667611
case_169,4,det_fusion,1,0,0.052234915203757
case_171,4,det_fusion,1,0,0.2167288046661017
case_174,4,det_fusion,0,0,0.674038462400848
case_189,4,det_fusion,1,0,0.2280031938433599
case_191,4,det_fusion,1,0,0.1520636989201103
case_193,4,det_fusion,0,0,0.505545701716754
case_197,4,det_fusion,1,0,0.4210424366984989
case_198,4,det_fusion,1,0,0.097612257744859
case_199,4,det_fusion,1,0,0.1567728296412428
case_215,4,det_fusion,1,1,0.9066797264918428
case_216,4,det_fusion,1,1,0.7350108535160326
case_218,4,det_fusion,0,1,0.2686551358269524
case_219,4,det_fusion,1,1,0.5435850803403488
case_223,4,det_fusion,1,1,0.7830246134828569
case_232,4,det_fusion,1,1,0.906950993849692
case_235,4,det_fusion,0,1,0.4219808764539676
case_236,4,det_fusion,1,1,0.7138462289161214
case_248,4,det_fusion,1,1,0.7110351856360345
case_257,4,det_fusion,1,1,0.8829288934045878
case_263,4,det_fusion,1,1,0.7799972371951699
case_274,4,det_fusion,1,1,0.6896264783692132
case_277,4,det_fusion,1,1,0.6437101464460189
case_283,4,det_fusion,1,1,0.8157392231744662
case_284,4,det_fusion,0,1,0.4587777125809037
case_002,5,det_fusion,0,0,0.6683757347453689
case_006,5,det_fusion,0,0,0.6821223818765961
case_008,5,det_fusion,1,0,0.4335452255713636
case_012,5,det_fusion,1,0,0.1318773526427655
case_016,5,det_fusion,1,0,0.3330857812170275
case_019,5,det_fusion,1,0,0.273758307661387
case_024,5,det_fusion,1,0,0.060638215866008
case_030,5,det_fusion,1,0,0.4661694920407555
case_037,5,det_fusion,1,0,0.2309412048510215
case_039,5,det_fusion,1,0,0.2108480166824813
case_043,5,det_fusion,1,0,0.2448447753177248
case_052,5,det_fusion,1,0,0.1443230611334166
case_056,5,det_fusion,1,0,0.1462408747352747
case_061,5,det_fusion,0,0,0.5758181552796954
case_065,5,det_fusion,0,0,0.6253705332455938
case_068,5,det_fusion,1,0,0.22520248214181
case_075,5,det_fusion,0,0,0.6692558895209452
case_079,5,det_fusion,1,0,0.1947908718111467
case_082,5,det_fusion,1,0,0.1355788408187379
case_105,5,det_fusion,1,0,0.3342292259995929
case_109,5,det_fusion,1,0,0.26535266734868
case_110,5,det_fusion,0,0,0.6043877308492631
case_117,5,det_fusion,1,0,0.4228032412031851
case_125,5,det_fusion,0,0,0.6492006888349099
case_127,5,det_fusion,1,0,0.1625259139927193
case_142,5,det_fusion,1,0,0.3795897732857941
case_152,5,det_fusion,1,0,0.1782500597696408
case_154,5,det_fusion,1,0,0.1939679988991275
case_162,5,det_fusion,1,0,0.1288702529800678
case_163,5,det_fusion,1,0,0.3340360490637447
case_168,5,det_fusion,1,0,0.235749754818181
case_173,5,det_fusion,0,0,0.5141971359938045
case_175,5,det_fusion,0,0,0.5247087129351584
case_176,5,det_fusion,1,0,0.3684234392809885
case_181,5,det_fusion,0,0,0.6570639706531906
case_182,5,det_fusion,1,0,0.1810737219981211
case_183,5,det_fusion,1,0,0.4205127756906526
case_190,5,det_fusion,0,0,0.6624209772732783
case_194,5,det_fusion,1,0,0.3815617242286382
case_206,5,det_fusion,0,0,0.5743741401040854
case_209,5,det_fusion,1,0,0.4094985210069051
case_213,5,det_fusion,0,1,0.397776783618031
case_227,5,det_fusion,0,0,0.7101298399830391
case_228,5,det_fusion,1,1,0.5762322376206879
case_231,5,det_fusion,1,1,0.6141680634963249
case_233,5,det_fusion,1,1,0.8072420734958534
case_241,5,det_fusion,1,1,0.7487964511009171
case_246,5,det_fusion,1,1,0.6025568892168827
case_247,5,det_fusion,1,1,0.7379847399189468
case_255,5,det_fusion,1,1,0.6349151309146126
case_265,5,det_fusion,1,1,0.6419749132939156
case_267,5,det_fusion,1,1,0.6689130730324508
case_268,5,det_fusion,1,1,0.7791100542739712
case_269,5,det_fusion,0,1,0.4427192817692184
case_273,5,det_fusion,1,1,0.7601702264453297
case_285,5,det_fusion,1,1,0.5321793656184072
case_287,5,det_fusion,1,1,0.7363831887909489
case_001,1,ens_cnn,1,0,0.2570812304814657
case_009,1,ens_cnn,1,0,0.3362307349840799
case_015,1,ens_cnn,1,0,0.2066999077796936
case_018,1,ens_cnn,1,0,0.363349179426829
case_027,1,ens_cnn,1,0,0.3141692678133646
case_029,1,ens_cnn,1,0,0.3266852895418802
case_050,1,ens_cnn,1,0,0.3386043906211853
case_051,1,ens_cnn,1,0,0.2671991189320882
case_054,1,ens_cnn,0,0,0.6452668607234955
case_055,1,ens_cnn,1,0,0.2856670220692953
case_060,1,ens_cnn,1,0,0.1902437607447306
case_069,1,ens_cnn,1,0,0.3410148819287618
case_070,1,ens_cnn,1,0,0.4019856254259745
case_071,1,ens_cnn,1,0,0.2394686142603556
case_072,1,ens_cnn,1,0,0.3197074731190999
case_073,1,ens_cnn,1,0,0.4545871814092
case_081,1,ens_cnn,1,0,0.2830732663472494
case_085,1,ens_cnn,1,0,0.3323929111162821
case_089,1,ens_cnn,1,0,0.4916280011336008
case_097,1,ens_cnn,1,0,0.428557833035787
case_100,1,ens_cnn,1,0,0.3743280371030172
case_103,1,ens_cnn,1,0,0.355496327082316
case_104,1,ens_cnn,1,0,0.4338134825229645
case_107,1,ens_cnn,1,0,0.2339648803075155
case_108,1,ens_cnn,1,0,0.3941534360249837
case_112,1,ens_cnn,0,0,0.5348190069198608
case_113,1,ens_cnn,0,1,0.3049941857655843
case_114,1,ens_cnn,1,0,0.2113541960716247
case_121,1,ens_cnn,1,0,0.2423413395881652
case_126,1,ens_cnn,0,0,0.5862233638763428
case_134,1,ens_cnn,0,1,0.4870613217353821
case_135,1,ens_cnn,1,0,0.2754561901092529
case_137,1,ens_cnn,1,0,0.2339358131090799
case_141,1,ens_cnn,1,0,0.2624911268552145
case_148,1,ens_cnn,1,0,0.2510216434796651
case_157,1,ens_cnn,1,0,0.344444731871287
case_158,1,ens_cnn,1,0,0.2994060317675272
case_165,1,ens_cnn,1,0,0.4738793472448984
case_166,1,ens_cnn,1,0,0.2078996896743774
case_170,1,ens_cnn,1,0,0.2540173927942911
case_187,1,ens_cnn,1,0,0.4965190788110097
case_192,1,ens_cnn,1,0,0.2472259402275085
case_195,1,ens_cnn,0,0,0.5006446242332458
case_207,1,ens_cnn,0,0,0.6766416455308597
case_208,1,ens_cnn,1,1,0.5865605870882671
case_212,1,ens_cnn,1,0,0.3073426087697347
case_214,1,ens_cnn,0,1,0.2172167698542276
case_224,1,ens_cnn,0,1,0.4046639005343119
case_225,1,ens_cnn,0,1,0.4618987341721853
case_226,1,ens_cnn,1,1,0.5039580066998799
case_238,1,ens_cnn,0,1,0.463596761226654
case_242,1,ens_cnn,1,1,0.6438057497143745
case_243,1,ens_cnn,0,1,0.3066510160764059
case_245,1,ens_cnn,1,1,0.6211061527331669
case_256,1,ens_cnn,0,1,0.4421531756718954
case_264,1,ens_cnn,0,1,0.3448970715204874
case_276,1,ens_cnn,0,1,0.4365850885709127
case_279,1,ens_cnn,1,1,0.567021369934082
case_004,2,ens_cnn,1,0,0.4280725618203481
case_005,2,ens_cnn,1,0,0.3905282616615295
case_007,2,ens_cnn,1,0,0.3945056398709615
case_014,2,ens_cnn,1,0,0.3694312870502472
case_021,2,ens_cnn,1,0,0.3277903199195862
case_022,2,ens_cnn,1,0,0.409166137377421
case_034,2,ens_cnn,1,0,0.3808951675891876
case_035,2,ens_cnn,1,0,0.36943119764328
case_046,2,ens_cnn,1,0,0.3285821278889974
case_047,2,ens_cnn,1,0,0.3680662314097086
case_058,2,ens_cnn,1,0,0.3556285301844278
case_059,2,ens_cnn,1,0,0.4447094400723775
case_062,2,ens_cnn,0,0,0.521612932284673
case_066,2,ens_cnn,1,0,0.3357481161753336
case_077,2,ens_cnn,1,0,0.3615565598011017
case_080,2,ens_cnn,1,0,0.4732345441977182
case_083,2,ens_cnn,1,0,0.3872038125991821
case_090,2,ens_cnn,1,0,0.2498776316642761
case_091,2,ens_cnn,1,0,0.4377530713876089
case_099,2,ens_cnn,1,0,0.4762779474258423
case_120,2,ens_cnn,1,1,0.6837265839179356
case_122,2,ens_cnn,0,0,0.562104344367981
case_129,2,ens_cnn,1,0,0.4261753757794698
case_131,2,ens_cnn,1,0,0.4772635797659555
case_132,2,ens_cnn,1,0,0.3746776183446249
case_140,2,ens_cnn,1,0,0.4563490549723307
case_143,2,ens_cnn,1,0,0.421158363421758
case_146,2,ens_cnn,1,0,0.3377457857131958
case_150,2,ens_cnn,1,0,0.3721008499463399
case_155,2,ens_cnn,1,0,0.3092078765233358
case_156,2,ens_cnn,1,0,0.4020270903905233
case_161,2,ens_cnn,1,0,0.3625708818435669
case_167,2,ens_cnn,0,0,0.5597575108210247
case_172,2,ens_cnn,1,0,0.4149917066097259
case_177,2,ens_cnn,0,0,0.5326134661833446
case_178,2,ens_cnn,1,0,0.4550185700257619
case_180,2,ens_cnn,1,0,0.4424071510632833
case_184,2,ens_cnn,0,0,0.5376971165339153
case_185,2,ens_cnn,1,0,0.4082117279370626
case_188,2,ens_cnn,1,0,0.4378874202569326
case_196,2,ens_cnn,1,0,0.4145361681779226
case_204,2,ens_cnn,1,0,0.4455786645412445
case_210,2,ens_cnn,1,0,0.4282580316066742
case_220,2,ens_cnn,0,1,0.4868775010108948
case_222,2,ens_cnn,1,1,0.5884575843811035
case_240,2,ens_cnn,1,1,0.6394309997558594
case_250,2,ens_cnn,1,1,0.507230927546819
case_251,2,ens_cnn,0,1,0.4351628820101419
case_252,2,ens_cnn,0,1,0.3420578241348266
case_253,2,ens_cnn,1,1,0.515719731648763
case_254,2,ens_cnn,0,1,0.4545152187347412
case_258,2,ens_cnn,0,1,0.3705578247706095
case_270,2,ens_cnn,0,1,0.3907198905944824
case_271,2,ens_cnn,0,1,0.4191511670748392
case_275,2,ens_cnn,0,1,0.373704453309377
case_278,2,ens_cnn,0,1,0.4338086247444153
case_280,2,ens_cnn,0,1,0.3396674394607544
case_282,2,ens_cnn,0,1,0.3496261636416117
case_010,3,ens_cnn,1,0,0.3679361542065938
case_020,3,ens_cnn,1,0,0.2737894654273987
case_028,3,ens_cnn,1,0,0.486475278933843
case_032,3,ens_cnn,1,0,0.2494027415911356
case_033,3,ens_cnn,0,0,0.5014558533827465
case_038,3,ens_cnn,1,0,0.2476915915807088
case_040,3,ens_cnn,1,0,0.4736628035704294
case_041,3,ens_cnn,1,0,0.4462480247020721
case_045,3,ens_cnn,1,0,0.3957875569661458
case_048,3,ens_cnn,1,0,0.3320589264233907
case_049,3,ens_cnn,1,0,0.3684831957022348
case_053,3,ens_cnn,1,0,0.377579927444458
case_057,3,ens_cnn,0,0,0.5176899234453838
case_063,3,ens_cnn,1,0,0.2780118385950724
case_067,3,ens_cnn,0,0,0.6744926599785686
case_078,3,ens_cnn,1,0,0.3196952939033508
case_084,3,ens_cnn,0,0,0.6645020575573046
case_087,3,ens_cnn,1,0,0.3451972504456838
case_093,3,ens_cnn,1,0,0.3058105309804281
case_094,3,ens_cnn,0,0,0.5363328158855438
case_095,3,ens_cnn,1,0,0.3498818079630533
case_098,3,ens_cnn,1,0,0.2957233190536499
case_102,3,ens_cnn,1,0,0.4513161778450012
case_115,3,ens_cnn,1,0,0.373244047164917
case_119,3,ens_cnn,1,0,0.4156644741694132
case_123,3,ens_cnn,1,0,0.347305436929067
case_136,3,ens_cnn,1,0,0.3338997264703115
case_144,3,ens_cnn,1,0,0.2819656531016031
case_149,3,ens_cnn,1,0,0.4829669992129007
case_159,3,ens_cnn,1,0,0.3061038255691528
case_160,3,ens_cnn,1,0,0.4078474044799804
case_164,3,ens_cnn,1,0,0.2943288485209147
case_179,3,ens_cnn,0,0,0.5643010238806407
case_186,3,ens_cnn,0,0,0.5047381520271301
case_200,3,ens_cnn,1,0,0.2798138459523519
case_201,3,ens_cnn,1,0,0.476425846417745
case_202,3,ens_cnn,1,0,0.3583499590555826
case_203,3,ens_cnn,1,0,0.3427708745002746
case_205,3,ens_cnn,1,0,0.3153092761834463
case_211,3,ens_cnn,0,0,0.6363255704442661
case_217,3,ens_cnn,1,1,0.6930290991440415
case_221,3,ens_cnn,1,0,0.4741541345914205
case_229,3,ens_cnn,1,1,0.6598873005714267
case_230,3,ens_cnn,0,1,0.4015514651934305
case_234,3,ens_cnn,0,1,0.2892311215400696
case_237,3,ens_cnn,1,1,0.6033459330598514
case_239,3,ens_cnn,1,1,0.6571049510190885
case_244,3,ens_cnn,1,1,0.6631390564143658
case_249,3,ens_cnn,1,1,0.6507432013750076
case_259,3,ens_cnn,1,1,0.6086100588242214
case_260,3,ens_cnn,0,1,0.3538266817728678
case_261,3,ens_cnn,0,1,0.4698965549468994
case_262,3,ens_cnn,1,1,0.5812935829162598
case_266,3,ens_cnn,1,0,0.3555061022440592
case_272,3,ens_cnn,1,1,0.6236943987508614
case_281,3,ens_cnn,0,1,0.455742617448171
case_286,3,ens_cnn,1,1,0.5896110435326893
case_003,4,ens_cnn,1,0,0.3603680531183878
case_011,4,ens_cnn,0,0,0.5823510090510051
case_013,4,ens_cnn,0,0,0.5743960936864216
case_017,4,ens_cnn,1,0,0.3772152066230774
case_023,4,ens_cnn,1,0,0.380897045135498
case_025,4,ens_cnn,0,0,0.546415497859319
case_026,4,ens_cnn,1,0,0.3408348162968954
case_031,4,ens_cnn,1,0,0.4347695708274841
case_036,4,ens_cnn,0,0,0.5269762277603149
case_042,4,ens_cnn,1,0,0.4140247503916422
case_044,4,ens_cnn,0,0,0.567165623108546
case_064,4,ens_cnn,1,0,0.3974003791809082
case_074,4,ens_cnn,1,0,0.3986119031906128
case_076,4,ens_cnn,1,0,0.4214179416497549
case_086,4,ens_cnn,0,0,0.5296310484409332
case_088,4,ens_cnn,1,0,0.3984602689743042
case_092,4,ens_cnn,1,0,0.3721306324005127
case_096,4,ens_cnn,0,0,0.5721827646096547
case_101,4,ens_cnn,1,0,0.3133710821469625
case_106,4,ens_cnn,0,0,0.5074175695578258
case_111,4,ens_cnn,1,0,0.3469766775767008
case_116,4,ens_cnn,1,0,0.4087198277314504
case_118,4,ens_cnn,1,0,0.4640457431475321
case_124,4,ens_cnn,1,0,0.4033598999182383
case_128,4,ens_cnn,1,0,0.4352329075336456
case_130,4,ens_cnn,1,0,0.42690176765124
case_133,4,ens_cnn,1,0,0.4064931770165761
case_138,4,ens_cnn,0,0,0.6092006514469783
case_139,4,ens_cnn,1,0,0.3748302062352499
case_145,4,ens_cnn,1,0,0.42336834470431
case_147,4,ens_cnn,1,0,0.4486522277196249
case_151,4,ens_cnn,1,0,0.4634171426296234
case_153,4,ens_cnn,1,0,0.4298410514990488
case_169,4,ens_cnn,1,0,0.3629450698693593
case_171,4,ens_cnn,1,0,0.4420879781246185
case_174,4,ens_cnn,0,0,0.596233457326889
case_189,4,ens_cnn,1,0,0.4413412710030874
case_191,4,ens_cnn,1,0,0.4446447193622589
case_193,4,ens_cnn,1,0,0.4393106003602346
case_197,4,ens_cnn,1,0,0.3336952527364095
case_198,4,ens_cnn,1,0,0.413921187321345
case_199,4,ens_cnn,1,0,0.4282323122024536
case_215,4,ens_cnn,1,1,0.6720452165851991
case_216,4,ens_cnn,1,1,0.5718188087145488
case_218,4,ens_cnn,0,1,0.4907887478669485
case_219,4,ens_cnn,0,1,0.3985687692960104
case_223,4,ens_cnn,1,1,0.6306180655956268
case_232,4,ens_cnn,1,1,0.6244439234336217
case_235,4,ens_cnn,0,1,0.4826830526192983
case_236,4,ens_cnn,0,1,0.4964242378870646
case_248,4,ens_cnn,1,1,0.5676498115062714
case_257,4,ens_cnn,1,1,0.648702085018158
case_263,4,ens_cnn,1,1,0.6470783601204555
case_274,4,ens_cnn,0,1,0.4725568294525146
case_277,4,ens_cnn,1,1,0.6066926767428715
case_283,4,ens_cnn,1,1,0.6171038150787354
case_284,4,ens_cnn,1,1,0.60569433371226
case_002,5,ens_cnn,1,0,0.3131199677785238
case_006,5,ens_cnn,1,0,0.3745778203010559
case_008,5,ens_cnn,0,0,0.6130731105804443
case_012,5,ens_cnn,1,0,0.3269448479016622
case_016,5,ens_cnn,1,0,0.3646451036135355
case_019,5,ens_cnn,1,0,0.4994566341241201
case_024,5,ens_cnn,1,0,0.2436885237693786
case_030,5,ens_cnn,1,0,0.4322520395119985
case_037,5,ens_cnn,1,0,0.3411538600921631
case_039,5,ens_cnn,1,0,0.3930764198303222
case_043,5,ens_cnn,1,0,0.2984871665636698
case_052,5,ens_cnn,1,0,0.4063173433144887
case_056,5,ens_cnn,1,0,0.2782132824261983
case_061,5,ens_cnn,0,0,0.5040282805760701
case_065,5,ens_cnn,0,0,0.5591013729572296
case_068,5,ens_cnn,1,0,0.3654072682062784
case_075,5,ens_cnn,1,0,0.4739672541618347
case_079,5,ens_cnn,1,0,0.3109991451104482
case_082,5,ens_cnn,1,0,0.3606327275435129
case_105,5,ens_cnn,0,0,0.5606685380140941
case_109,5,ens_cnn,1,0,0.3831067383289337
case_110,5,ens_cnn,0,0,0.665191928545634
case_117,5,ens_cnn,1,0,0.3649683197339376
case_125,5,ens_cnn,0,0,0.5318315625190735
case_127,5,ens_cnn,1,0,0.4374204874038696
case_142,5,ens_cnn,1,0,0.3436727921168009
case_152,5,ens_cnn,1,0,0.4018349846204122
case_154,5,ens_cnn,1,0,0.3543783624966939
case_162,5,ens_cnn,1,0,0.3560837209224701
case_163,5,ens_cnn,1,0,0.3333974281946817
case_168,5,ens_cnn,1,0,0.3802168369293213
case_173,5,ens_cnn,1,0,0.4765156110127767
case_175,5,ens_cnn,0,0,0.5688663522402446
case_176,5,ens_cnn,1,0,0.4649650553862253
case_181,5,ens_cnn,0,0,0.6117001573244731
case_182,5,ens_cnn,1,0,0.4882139364878336
case_183,5,ens_cnn,1,0,0.4916083514690399
case_190,5,ens_cnn,0,0,0.7007487863302231
case_194,5,ens_cnn,0,0,0.5824044247468312
case_206,5,ens_cnn,1,0,0.4187643726666769
case_209,5,ens_cnn,1,0,0.4817371269067129
case_213,5,ens_cnn,1,1,0.587709238131841
case_227,5,ens_cnn,1,0,0.4025538663069407
case_228,5,ens_cnn,1,1,0.5337901214758556
case_231,5,ens_cnn,0,1,0.4582256078720093
case_233,5,ens_cnn,1,1,0.7309569269418716
case_241,5,ens_cnn,1,1,0.5297619104385376
case_246,5,ens_cnn,1,1,0.5850738286972046
case_247,5,ens_cnn,1,1,0.5955697496732075
case_255,5,ens_cnn,1,1,0.6181929906209309
case_265,5,ens_cnn,0,1,0.4897599319616953
case_267,5,ens_cnn,1,1,0.5184298952420552
case_268,5,ens_cnn,1,1,0.707407961289088
case_269,5,ens_cnn,0,1,0.474811335404714
case_273,5,ens_cnn,1,1,0.6631360749403636
case_285,5,ens_cnn,0,1,0.4681225220362345
case_287,5,ens_cnn,1,1,0.6642164687315624
